domain,label,method,m,heterogeneity,replication,seed,equal_objective,optimized_objective,improvement_percent,max_share,entropy,exact_joint_violation,alpha_allocation
service_capacity,Service capacity,bernstein,100,1.0,0,7,389.894920704081,379.13501043062837,2.7596949080593713,0.08320498860804282,0.903506237135526,0.004976365542463198,"[0.0003105513621002371,0.00024813608614538844,0.00035925627253748,0.0010910097909718067,0.0001483224188131264,0.00011591064223051567,0.0004771682680668602,0.0015737436616539069,0.00023586292318513916,0.00020947889006972233,0.000964336466190473,0.0007585017608265865,0.0001940475640696078,0.00018254400846352153,0.00039217279760000095,0.00029773231023165416,0.00017258759836087477,0.00014511367389186602,0.00019391725333898146,0.00017098705554097915,0.00010463139578613364,0.00020952387580775095,0.00013764781309147915,0.00010668179787998413,0.0001874033648316426,0.0004458898920755523,1.2175716585715395e-05,0.0004927137464374247,0.00010138329228769886,0.0007546223396232004,6.569372114704122e-05,0.000490230042368187,0.00020617410426172918,6.717829956963189e-05,0.002270135082124471,0.000630886365673806,0.0003624585807407182,0.0006196469003042985,0.00022295324589365233,0.00017226686254242704,0.0009767210320698024,0.0002720157988393001,0.0001494550317712946,0.0002274077493368158,0.0006798913423170439,4.7005317629894095e-05,0.001955915265301815,0.00038028318420762,0.0004989186890101411,0.0018074987631931242,0.00041092161378472315,0.00012395299825347213,0.00027066642618367356,0.0006076292026206722,0.00025516751117584985,0.0005215254538914493,0.00013169291604903002,0.000351343692604266,0.004160249430432458,0.0001417467766130878,0.00020565003556796541,0.0003549723971090992,0.0012521345381285758,5.3894666276935834e-05,0.00021564183297971204,0.00020918892895426889,0.00020391137157731265,0.001631384962610701,0.00014173867795110588,0.00022637656853708316,0.0003605265827079407,0.00012287548140697629,0.00018353090954504356,0.0003256712905535374,0.0004368291310263688,0.00026244264451455386,0.0008382831128071734,0.0002018650583747498,0.0004028157355321765,0.0012099939741998834,0.00020285482180717684,0.0002118159888848969,0.0008220866007256789,0.00028383380034664675,0.00030008683756537895,0.00017162285540267888,0.0009444729252474262,0.0004669489479707452,0.001265786590245013,0.00041770261765403056,0.00013559496862654158,0.0013345491500753994,0.000627262158865831,0.0007787285196199296,0.0005858408422091476,0.001099921239705968,0.00027601895687891795,0.0010216608268421145,7.80992802406883e-05,0.0002636987324821778]"
service_capacity,Service capacity,bernstein,100,1.0,1,8,389.89492070408113,377.9318595693728,3.0682782717725954,0.06948422518565164,0.8936061768255394,0.00499047213893982,"[0.0001577994901278614,3.35607917342643e-05,8.263487119029666e-05,0.0001609190316598963,5.6610076319178043e-05,0.00023648144721874611,6.116608126618384e-05,0.0026837225921469325,0.0006773389264659519,0.00029834721079480015,0.00026166784996906165,0.0002970764358818872,0.0008759659687386213,0.00032489936861303156,0.0003000431792197176,0.0001618973952057604,0.00015314370652945073,0.0016392932225784734,0.0005517783487512826,0.00021481772569472302,0.00029892780865820273,0.0009122050705657782,3.779188547504942e-05,0.0004650047407320545,0.00031321528510556957,0.0005136572787662444,0.0003200247433873516,0.0002771902053154832,0.00011652695565249411,0.00039610322181238657,0.00027720218493496897,3.250784106933376e-05,0.00013631902716277754,0.0006547816454661879,0.00020132254000336002,0.001600471963679627,0.000794390000930519,0.00026106863515231083,9.393254135836968e-05,0.00010500955857896064,0.00033549641426861975,0.0003104489310470096,0.00011365143600966492,2.179046316494509e-05,0.00013675191765783091,0.0003137600697379817,0.00019724175530905458,0.0003622652637669907,3.970072725993851e-05,0.0003456746969318484,0.00014691863041215567,0.00034633025953675786,0.00035933436608294315,8.962509138356708e-05,0.0011538910741600772,0.0013631696579864809,0.0001752011558972234,0.003474211259279142,0.00019293452577254607,0.00031495917036128516,0.001492108460895715,0.00020124142832508184,0.0003663584127592891,0.0013648657177736266,0.0007222070266004981,0.00018981633626835858,0.00027680883215269096,7.666755427444591e-05,0.001074458447972625,0.0011290723528055858,0.001446901471879063,0.0002428776177403778,0.00031946152823609424,0.0024671934491591165,2.2823196939748755e-05,0.00039073722534694124,0.001148412033050301,9.809121800868799e-05,0.00024556948468582225,5.5719867269562325e-05,0.0017237426913982177,0.00042906914174029883,0.0011551465091507885,0.0002833262409766995,0.0005181710429650495,0.00038918661881200996,0.00026003081331399424,0.0001501499810769349,0.00024289260572713526,0.0004136643532079712,0.0006507916113349546,0.00026626836940682924,0.0008383574884287498,0.0010049993136881101,7.96551789044762e-05,0.00019131529548092348,0.0003509701018043176,0.00034728851798524,0.00016340120785036819,0.0003800075346145791]"
service_capacity,Service capacity,bernstein,100,1.0,2,9,389.8949207040811,375.3877697092237,3.7207848126515874,0.06467868780067317,0.8711375035306038,0.005029942117475292,"[0.00012904504374080335,0.00037096164453987005,6.60802719882209e-05,0.0008798767156350313,0.00041883722640207534,0.0007422679169499379,0.0005376701260049756,0.00035746470913113347,0.00012575557249620806,0.00016751683372275472,5.649125725289617e-05,0.0032339343900336416,0.0005072059624979118,0.000536380213771974,0.0015495900709933776,5.4037514217308624e-05,0.0005052597965002412,0.00017899904805635926,0.00017739203497853175,0.001581974747935599,0.00019114077379236462,0.00013077989918696564,0.00020865201491269793,0.00039674757652014535,8.090898833902513e-05,0.0005513951536537185,0.00024903684880129943,0.00015980018918258104,0.0008556063987193636,9.947646785993833e-05,0.0004822219471871769,0.00012967026109816666,7.686321411835414e-05,0.0004057260666393807,0.000174202546037535,0.0005027243061183571,0.0005270370707331962,0.00025315213327190326,0.00015644387954070538,9.385362637447944e-05,0.0004787766825210308,0.0019839361190819808,0.00024092198731344352,3.343344206762577e-05,8.56096279237218e-05,0.00031225362555324524,0.00018456457432900012,0.0011578629667905235,0.00022488045887700958,0.00023083962228871173,7.551285627244552e-05,0.0005884915723788119,0.00012174320499415355,0.00015045575699821473,0.00036056996150032227,0.0007948170168509193,0.0009204016025452946,8.52905922434784e-05,0.0001859738366744383,0.0002442339603120304,0.0001575862618679741,0.00033247018226977134,0.0001359541638282097,0.0032213223874409704,0.00023923719925283596,0.0002335336627678127,0.000369249188405916,0.00026847203273247554,7.340728887530686e-05,0.00047777084639793164,0.0003148006691085351,0.0002718853274565654,8.014220319868899e-05,4.893052252142333e-05,0.00031067189344048966,0.0004035444835534547,0.00024321735781237912,0.00010305391327717755,0.0002525545825332854,0.00023376074655823834,6.97989920414647e-05,1.3506937706655079e-05,0.0018478184393299474,0.0001442970358759371,0.00014986329288121773,0.0017779746239559944,8.54888787483436e-05,0.000517225852655161,0.0001789498624163764,0.0004765133037669808,4.786211690270204e-05,0.0012664474517694196,0.0013071451590636839,0.0006822778415507907,0.0006943975736781624,0.0003046025389120175,0.0002068899583916433,0.0028569298827878006,6.2420385739218e-05,0.0031752750320741736]"
service_capacity,Service capacity,bernstein,100,1.0,3,10,389.8949207040811,380.5855599517184,2.387658894235308,0.05503915916474034,0.9176512399147733,0.004947437808607186,"[0.00017020834651494844,0.0005248778282353266,0.00027497258788279806,0.00018188093217982816,0.00034720017716354114,0.0010638162382835877,0.0005472620456877966,0.001780085611608195,0.0005158008083153425,0.00032958022228509533,0.00010512219386038418,0.0011785557993465837,0.0004933021644280534,0.0009387154990788886,0.0001553007253138881,6.460782907272982e-05,0.001439927250014882,6.62840082613779e-05,0.0013940350934836532,0.0005506070118116288,0.0007370755290115119,0.00011363629565034631,6.823729419118738e-05,0.0012631743939764606,0.0003909884192507337,0.0001110858588972236,0.0007293790369277795,0.0005016462100701788,0.000359007042995321,0.00030241225899517085,0.0001071750439533704,2.945076744699492e-05,0.00019587950132615248,0.0001908951769879044,0.00034022455035082744,0.0005820207362548981,0.00046588986974567623,0.0009755606724570606,0.0005933425948615995,0.000498362837869318,0.00013401206855734627,0.00031123779323670165,0.0011051275937033456,0.00038635945146598907,9.336029439176171e-05,0.000878222600562985,0.00047752622432632464,0.00044111511582924773,0.000476328166279279,0.0012636455842940585,2.5087328760730684e-05,0.0004710440254088803,0.0002134010646251677,0.00022234606791334956,0.0004155716070221614,7.350634806346042e-05,0.000513288033763521,0.0002550633285137254,0.0011623100227105252,0.00022157566036987392,0.0002008729171490022,3.073841938659077e-05,0.0003828939306164664,0.0010301786281606698,5.682063370768702e-05,5.2329238828053234e-05,0.00016562310460129705,0.0014353218852976185,9.523596719739417e-05,0.00036148690521104176,9.52685797508549e-05,7.908533221818233e-05,0.00034962006204044925,0.00023049823942141758,3.653343916755762e-05,0.0001087211035334521,0.0003965689283603827,0.00023838012060084626,0.0006504284972172079,0.00016802695992802297,0.0027519579582589923,0.00037737714646192974,0.00048815564108693234,9.348875065770784e-05,0.0001142049249016551,0.0004536252846848366,0.0010494483014047082,9.279446173499058e-05,8.334920166016051e-05,0.0001354334798909755,0.00037363770598512476,0.0007210862794375291,0.0013448321008647382,0.0004004752829576973,0.0005913980873480999,0.0005376208061267324,0.0005353976127168156,0.0015415589525945438,0.0012999429431969098,0.0010318673421873207]"
service_capacity,Service capacity,bernstein,100,1.0,4,11,389.8949207040811,379.7798732530996,2.594300903616671,0.05614037275983084,0.9100377754922898,0.004962032565872079,"[0.00018166151081847322,0.001157069249091684,0.0009824868734171943,0.00019538477820075476,0.0002080546450166035,7.901979055220556e-05,0.0003276206990110135,0.0007345448586851385,0.00046821199043989,2.6362446388097963e-05,0.0028070186379801384,0.0004267935467243898,0.002573362398216294,0.00029092477712076403,0.00016351994500716607,0.00014677762807596462,0.0015728956275145715,0.001860192016840775,0.0001479721858681445,0.0003167054861658489,0.0002502367592635732,5.312385666289451e-05,0.000337877235811098,0.00014288426051090153,8.413026429584115e-05,0.00038018894222383227,0.00021997490829116212,0.00025021029775829323,7.33331728229704e-05,0.0004049896970011886,0.00012112486965791076,8.702590809715833e-05,0.00031999514366848076,0.00026357445385768893,0.0008212444140731194,0.00036931673877921474,0.0012681031579362635,0.001256321118955552,0.0005673671006781633,0.0001534554886111724,0.00023624489685681915,0.00021370306467824305,0.00048790008212904075,5.0436981284219927e-05,0.00012405429763316954,0.00015281833871929134,0.00010110832045200763,0.00026212991373810026,0.00010786753147877056,0.00016716778119398983,0.0010429956174395883,0.0013069368128470935,0.0007658115801474166,0.00025639350596914033,0.00036641760768360066,0.0005136108024615673,0.0008684248982940507,0.0019588315089149252,0.0004041612920530851,0.00021579477829232135,0.0003405445555987524,0.0007861313487568273,0.0003368915056099486,0.0004567855670055798,0.00046418447254671267,0.00018140884200380363,0.00015592416390963488,0.00025095095284082523,0.0002538431157048487,0.00022836380659945426,0.0004908205983996433,0.0007766464322180544,0.0004992106298451752,0.0006264278539194652,0.0010154738432871988,0.0012848633198388362,6.760414887523621e-05,0.0005294100369356528,0.00030061277386905875,0.0003840441055353618,0.00014589826443258544,0.0012408105369985552,4.424373564099685e-05,0.0009258893215464662,0.0004621755243228629,5.355209615151873e-05,0.0002111570349349949,7.554149715530476e-05,0.0004607820176290629,0.000626219212333187,0.0006328417415684091,4.3153388746665946e-05,0.0005368406738069961,0.0005412375024247118,0.0004197589742992246,0.00042542636414015874,5.483816605261907e-05,0.0015003168710682972,9.676735807871305e-05,0.0003785411528074446]"
service_capacity,Service capacity,bernstein,100,1.0,5,12,389.89492070408096,379.18782308902996,2.746149551195969,0.06734450365538165,0.9044765271733359,0.004972706613824018,"[6.017597948133839e-05,0.00042035719895729454,0.0006255022987098048,0.0003146819047179511,0.0008267694229089059,0.00011271537665895231,0.0002013321881239933,0.00024823525846469254,0.0002815693711993931,0.0005437830246157907,0.00045964041220389416,0.002204358915141013,5.7507582658338485e-05,0.0005122578075971568,4.842612150473352e-05,0.0033672251828261797,0.0010043190120249887,0.001763339016984302,0.0002849258901211197,0.0002251243775769843,0.001002602839419887,0.0004237400658461963,0.00011170029011793603,9.452196664654785e-05,0.0002765941677891866,0.00017493730322238596,0.0018276330204049728,0.0001135327665128847,0.0003722933377306031,8.64706410776318e-05,0.00016526987874656115,9.982762582992589e-05,0.0007143167305756304,0.00010227789237233782,0.00017666580378453267,9.946211680403501e-05,0.0005576095908659095,0.00034179985586456926,0.0004052885141308574,0.0009195424075687887,0.0005338829684143765,0.0002692415205392504,0.0003821062818182818,0.00045165794257966336,9.931926967339892e-05,0.00018708754653337575,0.00018447854024621502,6.749278243907285e-05,0.00010003118826854726,0.0006052858294094386,0.0005183297377082876,0.0006098198051895111,0.0007740230546822533,0.00038555523139495153,0.0010753158624017467,0.00044686438307583716,0.00060359237092778,0.00201656264940842,0.0003017682165466373,0.0018109308253171316,0.0002669883753646373,0.0001586581806476086,0.00022879892316756193,0.00016958074682724624,0.00012280045237817908,0.0002021787697218715,0.00013888612213221231,0.0003575719872034864,0.0001272168506815639,0.0001538856146740091,0.0004071775935603882,0.0005059496227838747,0.0006874490281900076,0.0009660683709753547,0.0004251836292290136,0.0003869589430999763,0.0002884809671535272,2.316129405282395e-05,3.669173339373289e-05,0.00182253979313291,0.000221318427810139,9.973760854453902e-05,0.00031302246549967005,0.0017938103841558903,0.0005546312493977209,0.00011341067556565291,0.00014625638864839503,0.0004119941861359758,0.0012793739891111171,0.00018157696939286294,0.0007080441743486967,0.00043795647927312995,0.0005880358304630421,0.0003242545585515465,0.0006728285804541905,0.0001283312842392247,0.0003966281913915969,0.0007883370913860928,0.00015374616085660062,0.00015879914288937353]"
service_capacity,Service capacity,bernstein,100,1.0,6,13,389.8949207040811,370.9694107325053,4.854002698316677,0.12381761816229782,0.831899334267205,0.005103776644829825,"[0.002707239237364368,3.464823819830273e-05,0.00013809741624899412,0.00017797258700455825,0.0002849355393281421,0.00013873886152456386,0.0039014476616771486,9.558799620847466e-05,0.00016779151320314196,0.0001870979537888716,0.0005490877080371624,0.0002065354382944719,0.0001891960276545271,0.00033599032363408686,0.0008329514465597247,7.120014489354713e-05,9.116259399108239e-05,2.3364991841295986e-05,0.0020407257021364533,0.0001403659796193271,0.0002593934433599822,0.0002067727503120631,0.006190880908111731,0.0006089609136732375,0.0004995862044855731,0.0009015005241761918,0.00010062722684957225,0.0003169509042026664,5.32718877433583e-05,0.00020528536189575735,8.783621822175741e-05,0.0017500411659247903,0.00031499420438456935,0.00012345279708676267,0.00013742171166511005,0.00025200508131220667,0.0008319560784082643,0.0001478013476205817,0.00011649828935816057,0.00012123406208271414,9.27607028714151e-05,0.0006276273726902384,9.607292926369949e-05,0.0006637614892311148,0.0002538709537723665,0.0006758742039930039,0.0005688837580898643,0.0001303882259432891,0.00020330634062451565,0.0007472414581129489,0.00020780161156496796,0.00020947811308105816,0.00026545749645913257,0.0006235616690347819,0.0001751822727718294,0.000368126375729117,0.002485200009080188,0.0013313132749683296,0.00016987694129686143,0.001075021005545314,9.444907379302498e-05,5.127950679711507e-05,3.1305237047466264e-05,4.107322815957838e-05,0.00043573230598601824,0.0010439382180214196,6.27111271151154e-05,6.412880080455298e-05,4.0547195627677106e-05,0.00011219276060892914,0.00011853356643054136,0.00021087924453305504,0.0008222850569402731,0.00018686269466385502,5.0922717243957875e-05,0.00043229068803067426,0.0004564015812624501,0.00045573924279727093,0.0008880354008703736,0.00046790253692116147,0.0004968130274692448,0.0001718726540990386,7.426904193316865e-05,0.00017744148548735921,7.274572843943939e-05,0.00036968095458275653,0.00014744888597542568,0.00034070582516938834,6.603780824458383e-05,0.00020776017760554526,0.003047338129823641,0.0002941614601435704,0.0002150739856848349,0.00012675016699501934,0.0007793248283033559,0.0002586122538112372,1.1189957034306974e-05,2.880437004246108e-05,6.756694558578656e-05,0.0004677774836824775]"
service_capacity,Service capacity,bernstein,100,1.0,7,14,389.894920704081,375.4728738076253,3.6989573679010848,0.08590872574424704,0.8716862513594842,0.005029933018162257,"[0.000680694066440146,0.00010504850832281066,9.598820743469598e-05,4.716891455026541e-05,0.0006009653518236628,0.0007894638002610884,0.0008539692142354603,0.000261724496334407,0.0005053601257795231,4.726891232241695e-05,0.003950852747449871,6.658701755940451e-05,0.0001696927650902607,0.004295436287269569,0.0001712275576156412,0.0001722702829687099,0.0003883775734760432,0.0003118333668932269,0.0001125967023397509,0.0001266242445123425,0.0017515039568488165,0.0007386307664641696,0.0002472169509182084,0.0014473282763119949,0.00028236181973583375,0.0002662362358584138,0.0004575173071331768,0.00017030942887274255,0.0003500873817388004,0.00012100497292370698,0.0006108093682842567,0.0007050433863986929,9.634641348409285e-05,0.0001011414888606751,0.00011851172235336314,0.0009615353491592607,0.00018121302886310494,0.0005826729615303136,2.9927075633558634e-05,0.0009646174867706617,0.00023984925654372286,0.0012571365397831774,0.0006709537377361826,0.00021737471010478403,0.00016813262387261924,0.0003043132685220477,0.00010964152525087964,0.0005233563598275898,0.0010846649177425414,0.001192898217731432,2.9039416533812427e-05,0.0005064923352454027,0.0002638214108327284,0.0003520249521409357,0.0002038007742635095,0.0004714768093111421,0.0011091601376895996,3.0324241924394678e-05,9.258005450038802e-05,0.00034968186367783467,2.9199103610439424e-05,0.00026740226677063675,0.00209105101409928,0.00021568434301244004,0.0003109345930516241,0.0002461949235220767,0.00025171858557350684,0.00011208322895786684,0.00036832858331801175,0.0001550118547757314,0.002145442813359936,0.000255483745411287,0.0016667012324964887,6.860013189603065e-05,0.00010070657854845503,0.00012813928802519006,0.000481989127778682,0.0002047830030487989,0.0002609208771784619,6.192992441482708e-05,0.00017971246340326384,0.0008258718135431737,0.0005468559487072846,0.00014936324872671263,0.0002198284570818361,4.785236496302404e-05,7.914390931427375e-05,7.44056772244895e-05,0.0002366997328177701,0.0005811288236341075,0.00019151756942368013,8.799619573007179e-05,0.00014380733770403832,0.0002641329511945581,0.0012287260010095534,0.00010463277586828536,0.00020456273333348133,0.00016554097061078518,0.0006541894502965106,0.0014778376831714852]"
service_capacity,Service capacity,bernstein,100,1.0,8,15,389.89492070408096,377.93695374634524,3.0669717205194047,0.05731087941471137,0.8944565332593628,0.004985854014919632,"[0.0001004585557473427,0.0002730050037404628,0.0015761013970725802,0.00020663806529776213,0.000853368242881119,0.0015406402327523784,6.466951646552562e-05,0.0003490662191478534,2.7928247347536907e-05,0.001830340447729234,0.001038465089348683,0.00024945002042399053,0.0015491544407445238,0.0010128460874762432,0.000642850058996615,0.0007536182230353869,0.00020826086174227497,0.0010341279479181874,0.0006384587997658904,0.00022517541001581236,6.87052445350389e-05,6.300475132215764e-05,0.0005361397161168119,0.00012590592830723246,0.0006332906528812187,0.00018011947078017164,0.0004854001677400975,0.0002492241846228477,0.00016603912304993172,3.180462117360585e-05,0.00019534396200923085,0.00037873585648802986,0.0003988263905951475,0.0004428322744311058,0.00020225834422364546,4.354379724068151e-05,0.002091217419309346,0.0004757776527224752,0.0005652393829568595,0.0006435130351078748,2.598770028624161e-05,4.47784686829669e-05,0.0003058675722363307,0.0004907671126706856,7.320432348806222e-05,0.001019421729164706,0.00021548852504390834,0.0003713984169422419,0.0007194719865949417,0.00014062446475467274,0.0014090822205000196,0.0006021721913563369,0.0003218230067309586,0.0002515560629497177,0.000830788708665176,0.00019238256198580842,0.00016909350490759608,3.2848417857947484e-05,0.00037996765921025376,0.00020594605693337965,8.111916481896633e-05,0.0007765123832581612,0.0013011510673740677,0.00040723985426976414,0.00011840863330243666,0.0005178157495885753,0.00035836320203916274,0.001993991863458966,6.022264875620911e-05,0.00014064966955424572,0.00018057099848896673,4.741818563250536e-05,0.00012011725249636454,0.0001304655671634131,0.0001884070783072994,0.00020054047307160937,0.0001352596193301019,0.0001880022833744269,0.0001545285131203748,7.721326936664148e-05,0.00020053273953227866,0.00025783443250381783,0.00011648465231100906,0.0001825884148033667,0.0006519804228403625,0.001033598842739188,0.002865543970715587,0.0003447258287224809,0.000805660702348767,5.380486208587885e-05,0.0014002224455761966,0.0020902856171786466,0.0001225722363641154,0.0014998757459372277,0.00021469627778269353,0.00024295305893440417,0.00016165625094868976,0.0001363199279594897,0.0004065512576859903,7.989930168403397e-05]"
service_capacity,Service capacity,bernstein,100,1.0,9,16,389.89492070408113,377.2897215848558,3.2329734115188242,0.060206367209017446,0.8884433462737067,0.004997403948555312,"[6.15840107281846e-05,0.0002513879777598046,0.00024987333946577587,0.0007694133622556791,0.0015600281796136653,0.0002526154787585429,0.000222599004785198,0.00014579542678288203,0.0003338432645199461,0.000125498309839298,0.00030082240087153867,8.933985917970088e-05,0.0003552675333107127,0.0012619187943017313,0.0007750435979602085,0.0005861887618411622,0.0006122764982622166,0.00020590185838063806,0.00010821219714759641,0.0002762219009570886,9.607232518511008e-05,0.000624222168266357,0.0001186203756805262,0.0005508917067238441,0.00042391218695518303,8.567323334895224e-05,0.00015095304259128196,3.068633005261748e-05,0.00022777227471762823,9.844238534169368e-05,0.0008160975298990358,0.00047460797680475724,0.0020573432196113062,0.0006002618823407565,1.2018690744413137e-05,7.132546081658597e-05,9.243140265112191e-05,0.00032274879894959776,0.0005111299886363043,0.0011487180968965454,0.00013062705482915437,0.00024761479715470775,0.0002780021269213592,0.00026314753396870094,0.0003774977929801487,0.001544189620337972,0.0003961025028017543,0.0009621203719095357,0.0011405910735540585,0.00025062014431039557,0.0009754466270613877,0.00019312833583053367,0.00014632098133711776,4.7731438502218796e-05,0.00012123746388674045,0.0008133786246696216,0.00014870867638656503,4.840579433429096e-05,0.000509358613588513,5.703434696016068e-05,0.0024619457758145624,0.0003317352493115868,0.0010521992503801795,0.0019496856799555587,6.537631200234545e-05,0.0002492597143098177,0.0005752681268332568,0.00014234018725328929,0.00020819480600258735,0.0003487324348376326,0.0002296704257547471,0.0001330401420170763,0.0014584890451590307,0.0015610659249669554,0.000304505830614969,0.00012824951255646563,0.0007912310095440898,0.0005881047741119571,0.00042161203119904305,0.00032209635140397413,3.719473685213514e-05,0.00023244004474243883,0.00014712613906354662,0.0006360583304293135,0.00015627804069543225,0.000105593503883393,0.00015930083077774399,0.0022736864581096345,0.00010462020927180309,0.0003967400927789636,0.00025707677508337505,0.002063432334252182,0.0003790898940893385,0.0030103183604573026,0.00011125046375842329,0.00011738223980627086,0.00023910429940507004,1.8920640800662385e-05,0.0001724231098485196,0.00035013615771201236]"
service_capacity,Service capacity,bernstein,100,1.0,10,17,389.894920704081,379.7963071014698,2.5900859606929307,0.06715330048425609,0.9105616142023708,0.004959788326523107,"[0.0010501470570825691,0.0014422079967353048,0.0003087903572762283,0.00017021314119027267,0.00020255546487256198,0.00037351358735781046,0.00019835098502247545,0.0002763971155164687,0.00036629805076343304,0.00018295181078199822,2.421840335405148e-05,0.0005862035549082501,0.00019771895006903738,0.0010948211910642258,0.0011869111210937912,0.0003035002293016898,0.0006939069660248856,4.487819929091885e-05,0.0006329999098564169,0.00027926342780962374,0.0002171646752135412,0.0010480092172101907,0.00015739262395290135,0.00026538029977780865,0.00026067791215093406,0.00031545561245973914,4.0272233536705867e-05,0.003357665024211959,6.82158925935569e-05,2.3485905097197402e-05,0.00014288002317173343,0.0005117585825469197,0.0010613960909293205,9.657753860521077e-05,0.000525887051685117,0.00020857359689145384,0.0007966246745274607,0.00020548061777357849,0.0001380701068268457,0.00042710479839009057,0.00047851783597652284,0.0003712782483882791,0.00020076007251959357,0.0017316522399854798,0.0007780135513074559,0.00010206994870801207,0.00030048979892158907,0.00029213226169229437,0.000990932502884738,6.167461614443096e-05,0.00026064978366598904,0.0005556956192666763,0.00015791679631150455,0.00014631593819884164,0.00030549134490609486,0.0012331797831835409,0.000927794400993103,4.1305589365667006e-05,0.00024915045593001495,0.000309131387591668,0.0005701612030639131,2.676051228319859e-05,0.00029710446236873235,0.0002744573928249284,0.0007791744171269338,0.00047701174058002987,0.0004884224998189876,0.00013151749520465007,4.029199290211761e-05,0.0015948174883661968,0.00018787158069779095,0.000625518136295699,7.793768192714155e-05,0.0014691882948074306,2.3198779553185178e-05,0.000438100104300454,0.00015338137866512092,0.000984436487723896,0.00042522635399310453,0.0006522584334848503,0.0007983188028882367,0.000883346907210739,8.619943320727537e-05,0.0015800139246249477,0.0013849058028901655,0.00013759241826801015,0.000526544389246624,0.0008405815042985752,0.00032329506235698397,0.00010678504383123254,0.0005847448367529995,0.0012161353005809715,0.00015125424715382808,0.000471006887904081,4.2955999367636217e-05,0.00016938184315144685,0.00010421113543321928,0.0005041734968187714,0.001187011250380168,0.00020663310476734414]"
service_capacity,Service capacity,bernstein,100,1.0,11,18,389.894920704081,372.6539172946335,4.421961532177262,0.14446968190118248,0.8452840821856302,0.005084701945784783,"[0.00020797224498115757,0.00020685148851982694,0.00025354817913746135,0.00012238334359570034,0.0016691024055709852,0.0005760783820609433,0.000673074346575024,0.0004664125968500077,0.0008391691259909509,0.0028668011348286816,0.00010490301954787997,0.0003386045696303917,0.00034564905064831606,0.00013972028564168367,0.0026248026439406593,0.0021093162709333816,0.00047670222513204817,2.3601559538249637e-05,0.00021409904818049083,0.0006310483363456349,0.00017904278889436655,0.0004806590352204489,0.00025636513149478033,0.00019565073096964672,0.00027233780740657605,0.0001297394495918959,0.00020439518979733248,0.00020896191543274897,0.00011655540999115403,0.001482878497227017,0.00020082520128981334,0.0006806779490825371,0.00031606376809797563,0.00018235211808266693,0.0004723374949538166,0.00020345590671685102,8.191931768746535e-05,0.000817340512929773,0.0010844122611984258,0.00030113230679392313,0.00020846013588496587,0.00015339453720440436,0.0004771029520504453,0.00031131792917837197,0.0004396988665067648,0.0005060240586913449,3.1876404611518434e-05,9.493654153735828e-05,4.37285032515168e-05,0.0001753084638676613,0.0003560850903783291,6.805240712295444e-05,0.0011899499672627446,5.711213251883448e-05,0.00235977880310752,0.00036529920767251154,0.00014198140868649286,0.00018033777844491707,0.00012582091942848627,1.2215321407684282e-05,0.0007405575514692827,0.00011217831254166729,0.0002806461653971097,0.0001493578794918994,0.00045092090294770836,0.00028365203011333014,7.289276814143339e-05,0.007223484095108533,0.0003383406834423884,0.00037603473000586936,0.0006882990925877036,0.0013149492283527626,6.83364281879493e-05,0.0001939367595209772,0.0004610636420822999,0.0005974294122633808,8.384753077861188e-05,0.0004894203544740796,7.903878853655078e-05,9.56087762892249e-05,5.957462009874301e-05,0.0001362790292439371,0.001117319767380261,0.00013422832373595185,0.00028082096470478175,0.00013162756650568814,0.00011855408856906204,0.0004671596041045351,0.00045504893353000384,0.00025063437014090676,0.00017673523038095695,6.62590820002655e-05,8.231467521762633e-05,0.0002685254598385787,0.0002024811996966641,2.444167262246579e-05,7.403962068285974e-05,0.0013480782421176859,0.00021161671616078676,0.00023884122255396394]"
service_capacity,Service capacity,bernstein,100,1.0,12,19,389.894920704081,379.93358263248655,2.5548776202588277,0.07252043175172394,0.910887920897907,0.004962634488288237,"[0.0002127633724550962,0.0012197137183164622,0.0006960447230531183,0.000596372989293475,0.00036177970806893666,0.00021484327837311822,0.00013636072183671782,0.0002162649671142737,0.00015809596897489722,0.0002315436009776765,0.00039893231870840397,0.0002354810489052803,0.0012515844410213295,0.0007280251288357964,0.002236017205051812,0.00047329437767774463,6.392367116238065e-05,8.23552703368124e-05,0.00038995646352020047,0.00019417067909856261,0.00017500418907138605,0.0004503794829615915,0.0005544602455104372,4.303489735944387e-05,0.0003513215166796327,0.0005823997945108096,4.771976830360957e-05,0.0005245656438459,0.0002626898624528707,0.00043669284692184046,0.0001671069800693939,0.00015090689315819868,0.00012304799354528488,9.467726335750962e-05,0.00011118920864393567,0.00024698760135185747,7.454884335451961e-05,0.00027604167303303087,0.00025739224221037833,0.00023751138596739336,0.000504387877885778,0.0005880739658208526,9.142285794935435e-05,0.0005875431907682319,0.00017353757184943364,0.0002860818318996512,0.0005583944247048727,0.0023239745670286622,0.0008993491994613962,0.0013711989492592432,0.0008331430583584411,9.121979584724658e-05,0.00010101293443785586,0.00029657870511416793,0.0007600993420184783,0.0005669217073438852,0.0007396327119525646,0.0003029551298852021,0.0002807811475686666,0.0001367184165548443,0.0008113409269279287,0.0006917976972714947,0.0004865663657554414,0.000657864285408372,0.0005787080910875557,0.00011396442438148118,0.0009298437152947708,0.0004146838109890614,3.349853768942723e-05,0.0001881585202303127,0.0010417840201779886,0.0009517295136360805,0.00018666287936506973,0.0014720763116900441,0.00036895571537856164,0.0006035470997550136,0.0009735144556912813,9.578881686129536e-05,0.0005796801338846201,0.0036260215875286326,0.0007052751857718815,0.0001737315047651517,0.00032058649829456277,0.00036248900800727336,0.0001744279264995387,0.0003938496358655427,9.290019478225995e-05,0.0007352809519790509,8.906673108004816e-05,0.0019797265507762373,0.0008789376254587486,0.0007434843749989956,0.0002169248391263975,0.00043085460389065297,0.0004117096673268132,0.00015675854360841347,6.12154476067368e-05,0.00017369903107301382,0.0001114582877972246,0.0002232071106932971]"
service_capacity,Service capacity,bernstein,100,1.0,13,20,389.8949207040811,379.2849778734469,2.7212313542003814,0.05386514709062551,0.9059170850711742,0.00496799987779151,"[0.0019794737538922167,0.0005952670620483511,0.0016680784226312771,0.0004622330735407711,9.147746628301809e-05,0.0003640247258499518,0.00015662506322480291,7.747095536526333e-05,0.0006690169662888631,0.0005026382139215119,0.000542363693632092,0.0003579213386064748,0.0001430824053022237,0.00015431424136104843,0.00029160916931593244,0.00012550134805686204,0.0001797508687384342,0.00157822927761448,0.0003917841630775346,0.00016110005738462931,0.0001266814121903692,0.00030851819766237044,0.00015134542609741912,0.0007868959712751964,0.00046358307081814014,0.00011195220231232624,0.00025265658455223125,0.0001875737577269147,0.00046844508711960515,8.527072116208625e-05,0.0002375636022306862,9.596322251830884e-05,0.0015615200301781213,4.011964168060602e-05,0.0007173285542664909,0.001122242407212177,0.0007803525542592647,0.00035286201574599225,0.00011617597294244843,7.151151126880972e-05,0.0004638603110644779,0.0006344811452816438,0.0017468963585378378,0.00010275902768958637,0.00014591296952382905,0.00029244410335378933,0.000129049492028347,0.0003669462267051018,5.1410500166999056e-05,0.00035098341413001264,0.00021385718315852293,0.0002781272747679989,0.0005608112502247639,0.0005116641495189474,0.0015011013892712297,8.708714164964743e-05,0.0007316799111550681,0.00015138203191763735,2.0784455622226433e-05,0.000719879271815968,0.002693257354491243,0.0017033499449805333,0.0007325671169888802,0.0007606989859101636,5.568365276252704e-05,0.000618450025013592,0.0002442681213417044,4.871436935991073e-05,0.00011965254632230601,0.00032135506368756304,0.0005316050544088916,0.00019818243415677686,0.0004584341477882084,0.0004561531546393876,4.1393621663271006e-05,4.0884408505948364e-05,0.000266455574060233,0.0004241577554576377,0.0005823896145352803,0.0006329242970726556,0.00022290549706710776,0.0003210068660155903,0.00015512133353904215,0.000267346603158169,6.970315227588012e-05,7.75834758378444e-05,0.00028276483961469636,0.0015941599645528607,0.00040525977169388836,0.0004391208548414937,0.00018920535275113902,0.0021136412097408613,0.0009550500560280903,0.00044416327618034267,0.000533556110155345,0.0015437911327260828,0.0002358398754072936,0.0001410445103899419,0.0004462721467523432,0.0010402449104431391]"
service_capacity,Service capacity,bernstein,100,1.0,14,21,389.8949207040811,376.4857626548687,3.439172283906082,0.08467273411333222,0.8805223188870838,0.005014638565783429,"[9.51773497808517e-05,0.000705999297206208,7.122222512183669e-05,0.003220526605907996,0.00012892567767315251,1.846176124340168e-05,5.8563665245862786e-05,0.000162764089126573,0.0004691715275998424,0.0021257215075720292,0.0006347685684988018,0.0002664108343461741,0.00016390695623256558,9.19833553098307e-05,0.0008394237511757239,0.0006354619333566256,0.004233636705587016,0.0003803889988362447,6.494229131482768e-05,0.0007580500466569875,0.0004606886465041458,0.00019200190270267676,8.426477641436885e-05,0.00040166559354249624,0.0007421395289084196,0.0010175591969782422,0.0005557386237771179,0.0026035419154543382,3.807091130403856e-05,0.00013807052980660626,0.000258016646577084,6.440542780033544e-05,5.928046930981018e-05,0.000684014262351703,0.0001693403945076179,0.00019108583582977547,8.750703480943692e-05,8.747230692707512e-05,0.001000916668977627,0.00012726472567493348,0.00044396529475113403,0.0010887971035089888,0.00016145259922984066,0.0008894166450762844,0.00016277418605944657,0.00041039994603161506,6.731058399003079e-05,9.486420543396886e-05,0.00014834339151105117,0.00017124038908089036,0.000369011979643771,0.0007117972402513852,0.0006543228060464882,0.0001057625443269878,0.001696446201205442,5.389108393330368e-05,0.0005421139193856019,0.00010531055233364924,0.00020987139929384548,0.00026077772366488085,0.0002583885923890958,0.00016783439439281317,0.00016488886761491077,0.00010939818021567764,0.0009513754764061864,0.0009187416666303478,0.0001685525642484311,0.0004124101146624426,0.00022530963698454013,0.00020285874339149028,0.00021536736710860117,9.06344818562432e-05,0.0006788114869618021,0.0004003579814382294,0.00037472158298135113,0.0008095349852756809,0.0003664529388134165,0.00028772438454807855,0.00016989162887266057,0.0002592079811567493,0.0003565296893367582,0.00024657793555518713,0.0014608988619035862,0.0005553328985546791,0.00046832332335402827,0.00013123307037224066,0.001155971974415275,0.0005459942989390388,0.00019435682724777453,0.00010583817703009517,6.249462212123001e-05,0.0020219295356945794,0.00041363159082058454,4.511482818476464e-05,0.0005380768260443616,0.000474951086796147,0.00016615263153471998,0.0003625156228865142,0.00015211502575773804,0.0008730757758529128]"
service_capacity,Service capacity,bernstein,100,1.0,15,22,389.8949207040809,374.48296167395335,3.9528493990884237,0.08590659581453773,0.8628991107673446,0.005046028021410918,"[8.608229485877247e-05,7.139558373716889e-05,9.68005803218104e-05,0.00031227705728918394,0.0004387079930460307,0.0001290944021341039,0.0010240412305036546,0.0010358722577116105,0.0006118959985632755,0.00013760674219344404,0.0005925140202118302,0.004118248649892865,0.001287047403542233,0.0004336510143883654,0.0008233294720602736,0.0002724087575263027,8.033795434567777e-05,5.647548733721e-05,2.799169864456912e-05,8.525306397630176e-05,0.00013203069028975368,3.868401201117665e-05,0.0003253214365779171,0.00038363029387017877,0.00011390345967350812,5.150756343645226e-05,0.00136711955559655,0.0003172805313084283,4.401414340791143e-05,0.00013428118209508547,0.0004375402977828423,9.915237198567107e-05,0.0003452892470870399,0.0013468967573642754,2.339060367347057e-05,0.0005346956091559516,0.0002408038460660228,0.0002362583629629696,0.00039721426550196255,0.000174038401486108,0.0007981981723539075,0.00042402401415874796,0.0003501051124417412,0.0014407910891860135,0.0005108024226950105,0.001014259468110288,0.0004185354252069729,0.001371731746501962,0.004295329790677857,0.00043564150383432014,0.00028950792217451464,0.0026330628312544978,0.0001762663032577058,0.0004717502051818913,6.760019701879958e-05,7.44636975439914e-05,0.0006464123408671732,0.00011229566063317796,7.848955163467332e-05,0.0008512091852496228,9.832323747265005e-05,4.650408734455087e-05,0.00039189087578047943,6.782600584433651e-05,6.303171571434227e-05,0.00022476140438932796,0.00035743342024457193,8.312703969453125e-05,0.0006677323814042152,0.0032211159157176598,0.00036596758217435866,0.0007932299192836905,0.0005009394592304715,0.00034149489412261137,0.0002014178567280454,0.000319366624986654,0.0005825032175842149,0.00021237614441012125,7.908262777539016e-05,0.0002709759416940379,0.00022474198525959782,0.00015719081267039217,5.261638256369379e-05,6.738262070933929e-05,0.0005728398343211531,0.00024593945327127233,0.00018390591187705346,0.0002788761378526779,0.00022432500115820685,0.00015001756784250675,0.00014263162461012198,0.0009795748200105165,0.00024079905414420597,0.00010390919567271109,8.732274723338971e-05,0.0008006065104680137,4.642991847046982e-05,0.0009950311634022429,0.000505174456417593,0.00012702351627701797]"
service_capacity,Service capacity,bernstein,100,1.0,16,23,389.8949207040811,367.9983948922067,5.616006941648054,0.15045849760233007,0.8037660697969158,0.005167020519286552,"[0.00020655412714692923,8.9252608253545e-05,0.0005155626709780099,3.278482419516295e-05,0.0003458151089270575,4.188738050972124e-05,0.0003233354686826526,0.000609260982595798,0.00030679590917490215,0.00046693372805199906,0.00010357737705429703,4.8122991697155165e-05,0.00014504995424916413,0.0033127233201076596,0.0001810623638140169,0.0008893139214114446,0.0001994250317730504,0.0002332667316208552,0.00012549890239667435,0.0002919074349114341,0.0007591338535989846,0.00045786028821988246,9.63617151495178e-05,0.0001839027179944379,0.00024346094465189024,0.0001728774444190836,0.0013267290933204317,6.971359582036728e-05,0.0003796575904368042,0.0068150807773904795,0.00021736945721920198,8.713456336538498e-05,0.00019732707658847766,0.0009008136113119775,0.0011234133368126227,0.00023798510511380627,0.000901955455525389,0.0003338739980857301,6.136135409039505e-05,3.870761810041309e-05,0.0006644303619789904,0.00013333167929159676,0.00011099527577267213,0.0004294981282648574,0.007522924880168418,0.00023560184303920057,0.00010791627575868942,0.0006825309347310194,0.00039037774135501147,6.644952150191644e-05,0.00020699925317630265,0.00044558979856576953,5.3680602651021434e-05,0.00020194056968596312,1.657547301069205e-05,0.0004983177039228942,0.00021171400452419284,0.0004373069502595614,0.00035701512683199453,0.0003904943893601207,0.0006272746566002162,0.0003045065341004537,0.0002194928274861361,4.158824309795385e-05,0.00025564847890857835,0.00042727109222217137,0.0004182107301631497,0.0001164812983893352,5.875009466669453e-05,5.724918799112143e-05,1.5023243104419472e-05,0.0001860373137902845,8.232030737197444e-05,0.00010837677765455778,6.702896429193768e-05,0.001103305455008927,0.0004523304450724255,6.379927307904531e-05,0.00012046337860839889,0.0003382222891697568,0.0007120580954400905,8.239974478215504e-05,0.0002519198626716629,0.0002001513350096375,0.00032322851743128944,0.0001269996277268004,0.0015699856196057104,0.0002996691728960659,0.0020506190133715643,1.7360401692281464e-05,0.00035121111632882335,0.0011682597839464003,0.00015315177768512482,0.000598060993007374,0.0001943613696875665,4.9059654214162565e-05,9.383164526248044e-05,0.0002603824919695636,4.368486830001198e-05,0.0001536833699210468]"
service_capacity,Service capacity,bernstein,100,1.0,17,24,389.8949207040811,377.2936534579253,3.2319649672276105,0.06941955698044226,0.8886453737170227,0.0049964809539984984,"[0.0004280017527784419,0.00025090753661697414,6.205003593954156e-05,0.00019801746023384828,0.0003138574440288844,0.0023408794109583634,6.561758640680588e-05,0.0002324969130635969,0.0012497077011461794,0.0003986990594107353,0.00032493133971412194,0.000861459896677557,0.0020114213646206867,0.00020070213799154433,0.0013778781453957349,0.0004130659175285612,0.00021489013105101119,0.0012525279995656807,8.690176949992573e-05,0.0010709697525609005,2.057538723398458e-05,0.0006483860632864194,6.120833094249697e-05,0.0019283215428466366,0.0007168838158220564,0.001612900610063247,0.00028481756161115746,8.429811055640058e-05,2.4844968738043764e-05,0.0003278159175368134,0.0004965978576418572,0.0010754336103024021,0.0005089933043754459,0.00016211429104348292,0.00014364271554292518,0.0002558457580431613,0.000867110995384789,0.0002974022910829544,9.736157217283734e-05,0.0034709778490319503,7.11064096902338e-05,0.00026140276673486585,1.4876154808727852e-05,0.00031737281483590216,0.0011902232348701192,0.0018769673443168769,0.00015724326837104034,6.555505834896277e-05,0.00027535563872535355,0.0007859816217851763,0.0001533931746236243,0.00041244914475758575,0.00013713955704268692,4.5643572066125167e-05,6.068450121797105e-05,0.0003248393291454954,0.00039503308964282684,5.270600536481296e-05,0.00029442892301501127,0.00019153309419102553,0.00044903853143168866,0.0001162792255286763,0.00155048508040877,0.00011333053665651105,0.00097547413059557,7.497108074050476e-05,0.0003758846597092501,0.00015448239431697984,0.0002139181241647499,0.0001293353505783983,0.000251918015494017,0.00024830393608515824,0.0005403986072595381,0.00020789953285719906,0.00039758187893188174,0.00042121926083692966,0.001339219494294863,9.781149542819874e-05,0.0015661724558803146,0.00011727081209505138,2.078982566920922e-05,0.00013750165713536798,0.00023016714380065637,7.87440760643203e-05,0.0005570006669389383,0.0001481761692295927,0.0003173978655719791,0.00029492983268957835,0.0003558283702009215,0.00012021354964770832,0.00037167300099104914,0.0003131418007737793,0.0005088595271242019,0.0006014519278196535,4.4281811338866756e-05,0.000247661220991576,0.0008628081883914816,0.0010876547376155068,6.48812680193569e-05,0.0007713921448311288]"
service_capacity,Service capacity,bernstein,100,1.0,18,25,389.894920704081,374.92534634889984,3.8393868604773784,0.1358786178178246,0.8647934708564909,0.005050814076101913,"[0.0003139621086275441,0.0006544549309307078,0.0002051817817867745,8.626175735006274e-05,0.00018532979073572695,0.00042206576380738117,0.00030072780294130815,0.00016423182080306628,0.0012224469617943276,0.0005153102147614445,9.175620737597351e-05,0.0002803657675656097,0.0005064937973166151,0.00013570252707184108,0.0001656251279405344,0.0003040110502676428,0.0007395509869167132,0.0001256887827105279,0.00012303513492995487,0.00012120803402104226,0.00019361423609319493,0.0002341590464031457,0.00022225980118197391,0.00013341400864267877,0.00023837280567097624,0.00011443840996618737,4.838152771970789e-05,0.0002514529326599434,3.9632282745449364e-05,0.0001387534066186022,9.875232893891801e-05,0.00016027551944585922,0.001915567209242987,0.00021026426633615562,0.0010395224427598294,0.00037944194890500264,0.0013836153571734084,0.0003392572440011934,0.000724176630975032,0.00022617162319382372,0.0002505162848437994,0.00016657498900940772,0.0007581631576964081,0.00024076952670629384,0.0001636077310797766,0.006793930890888502,0.00014265716040591042,0.0005176173413956333,0.0015098732145731458,0.0009558171726271964,0.0006159029037819221,0.0019141700567691276,0.0009756354039473175,0.0006489564488938669,0.00012114074735682482,0.0005353445670379935,0.0002130234196771831,0.00021409635291061983,0.0019090593484063028,0.000753984197294608,0.00011860305928078754,0.0006410482745751265,0.00042868231357952416,0.00018263030053211905,0.0002115970853995179,0.00031142093728742386,3.561178324662326e-05,0.00015074408873722578,0.00017119643808229327,0.00011535419195570978,0.00016931104087492346,0.00017601019651946286,0.0005607320179592255,0.0007380964572941504,0.00017602956616501718,0.002432075371906153,0.00017919367530554268,0.0023968610434004227,0.00023555167496829504,0.00014179679854250962,7.866846610897799e-05,0.0003085511318681212,0.0005914014750575318,0.0006856377970907224,0.000401125877432953,0.0008431786058907305,6.374825981814229e-05,0.00013438236229103298,0.0006302817797348409,0.00013940901489802938,0.00033107784112542955,0.00018490022619769398,0.0002586455797717952,0.0004369447119984984,0.00013081674395728972,0.00029087283139454204,0.00015212453947599633,0.0003619231364123518,6.310821882816631e-05,0.0001848807913843221]"
service_capacity,Service capacity,bernstein,100,1.0,19,26,389.89492070408096,375.3687949636671,3.7256514432612438,0.06624718525275074,0.8719492261275552,0.005024753327888398,"[3.3299525349738505e-05,9.373269264440951e-05,0.0007021638604557563,0.0016896748081287542,0.0003064473440677225,0.0005187239329605143,0.00024805669937319865,0.00027583215441405657,0.001226826293550043,0.0016875209249563223,0.0002341868509098496,0.0007084844211704323,0.0008404827296691491,0.00010758318618256306,4.733987470439582e-05,8.355926071074914e-05,0.00016892174552263103,9.420450625667975e-05,8.268307165613253e-05,0.000624801538168473,0.00014562905629064983,0.00013606179978590258,0.0005492008223372573,0.0005420408205775824,0.0003177886362053221,0.00010113246080285617,0.00016229690564085065,1.7623712778357323e-05,0.0033123592626959184,0.00029364375868408664,0.00030559597014769165,0.0001507898187873319,0.0004209540812089893,5.890637315900379e-05,6.559164463701525e-05,5.047286678992251e-05,0.0009333581130304755,0.0019942297534304215,0.002463937167652027,0.00028596895529547765,0.00024227626041158686,9.78415085037858e-05,9.038319238888788e-05,0.0004938442662766602,0.0002741204206637871,3.0975500060856426e-05,2.5105216155134554e-05,0.00021707331734435346,0.003104337858603072,1.818803585032659e-05,0.00020984218511433756,0.0006478698974856833,0.0009580164987698129,0.00018847642367347882,0.0001357831089349376,0.0012811757202258734,0.0023078586830415546,0.0002614921817393921,0.00019920048745868728,0.0001973733102621878,5.9094189612445415e-05,0.00038917053224850177,0.0006962455321184844,0.000513648163663582,9.141983477050644e-05,0.0007598812782671116,0.00015624995367046683,2.8624677133478353e-05,4.676251660554149e-05,0.00026544260951188054,0.0006840167370087729,0.0006090042914002882,0.0015919000354729553,0.0006773777558033882,0.0019068855204552107,0.0001149360758221603,0.00023020577703244933,0.0006669718819893014,0.0003092087866718331,8.377695254299483e-05,0.0002111452624203898,0.00019877122727274168,0.0012556329628640984,7.743128687537975e-05,0.0003336264261750756,0.0007295195212082515,0.0005168602986908245,9.051800961799981e-05,0.00016912644621543328,0.0001671694408913528,0.00045973924851605043,0.000164758100592913,0.00019218555233229323,0.00028666523781584505,6.335589220443283e-05,0.00033821863861128836,0.00045242759245217134,4.6888810456338e-05,9.069782205950757e-05,0.0012110976480544245]"
service_capacity,Service capacity,bernstein,100,1.0,20,27,389.89492070408113,379.1623023141354,2.7526951032253857,0.0683435641783863,0.9044477757073444,0.004972015128538367,"[0.0015938331988110373,0.002158005451010505,0.0003593952579827723,7.667582935044475e-05,0.0007074377777243196,0.00018128099143412775,0.0008892278538503262,0.00042065421921225074,0.00026374123136798093,0.00013862240915336438,0.00018217833624752498,3.687332141542565e-05,0.0002156356678226708,0.00033092958889383803,0.0007220380081272517,9.795337740474777e-05,0.00021061688771935872,0.00027786420320501917,0.0002604072637722437,0.0002918213337593582,0.00016982833183030346,5.1335717231163406e-05,0.00034697432962216713,6.087004575682768e-05,0.0008597343256513169,0.00040940466907682437,7.697236340194912e-05,0.00035940469891161317,0.0001146651392831119,0.0001420537043936405,0.0001338290459549701,0.0007849939000010453,0.0004632533719942279,0.0007770299724748495,5.969246924157806e-05,0.00035038077410962646,0.0019323729985841896,0.00031164357843504656,0.00034260420432209455,0.0003098396213105687,0.0009713248272561349,0.00021031746076381923,0.00010835109257656141,0.001253720396655401,0.0008424143719951572,0.0007001623882694163,0.0006963686637666333,7.45450559057663e-05,0.0003731962526157616,0.0002953088736529727,0.00013933363743876128,0.00010811114658650675,0.0010014748326440384,0.001443150188757283,0.0006586721301609303,0.00022743430850643353,0.00021306058235662256,0.00036704876220791107,0.000160245823879793,0.00012040432916374308,0.0010654458804916843,0.0003892995274765439,0.00015508119016838218,0.00023761676182110908,0.0009760561937386442,0.0009390952622856615,6.337942716932535e-05,0.00022500349989454187,0.0002084459162444227,0.000781851878701241,0.00038477590504319465,0.0005182147531219859,7.089877412743624e-05,7.554998554409855e-05,0.00020510981544410686,0.0023186476304174414,0.0004349104048800706,0.00017612925906030098,0.0004230115787789836,0.0005306891923853066,0.00014847194120759624,0.0001560665242182695,0.00010782185822139899,0.000450472144993031,0.00021936694377847413,0.0005893014480949059,0.0012995194141969917,0.0015397314065921318,0.0002928273402367232,0.0001699300160155149,0.0007120422142337905,0.00014329920142558148,4.075133096807745e-05,0.0034171782089282544,0.0008668327004328861,7.421984139913946e-05,0.00047422685122211315,0.000799414605576227,0.00016918847094970956,0.000713404105634167]"
service_capacity,Service capacity,bernstein,100,1.0,21,28,389.89492070408096,377.88997691081414,3.0790203092638455,0.08101974438970228,0.8932375126267027,0.004991224279035547,"[0.00013128331973549814,0.0003667909910325325,0.0002536274446005369,0.00012677689009987696,0.0006071245155450703,0.00031810851555186216,0.00012945284464683756,0.00010784690023167754,0.0018439607736053687,2.7763448646537623e-05,0.0002690122341931502,4.413483669781226e-05,0.0005929255740602759,7.85726864403568e-05,0.0002805126527949056,0.0002835631849786049,7.512812844377557e-05,0.0020628195065087148,0.0025712790732154486,0.00045008947174379966,0.0002749624109727001,0.00010235730354774238,0.000720444650948102,8.341856542166932e-05,0.00035690444179277756,0.0005340695762986165,6.503416121333631e-05,0.00014714141478960348,0.000547510521203126,0.0007765425068457382,0.0001818497409572544,0.0002667762962437261,3.514225228806615e-05,8.015106368003527e-05,9.053825645606944e-05,0.0006380804064903286,0.00021676904450483828,0.0003600502981394726,0.00018763344113647306,0.00020498721203866205,0.00037347866072831386,7.665290932501893e-05,0.0003558427140635371,0.0010974032323951871,0.00027249978352316827,0.0001873683699809441,3.133456274298462e-05,0.0008817720982318077,8.875551023929348e-05,0.0007192758598166194,1.82344592113442e-05,0.0002001503767937317,0.00015689528103137883,6.122714114534598e-05,8.062564310266544e-05,0.0008349881015071337,0.0009482970493393196,0.000981696550229964,0.0002857550258035308,0.0004267172637356225,0.0003435484680879415,0.0011404564952157126,0.00019631695130241768,0.0008686686719209557,0.00043824951342955813,0.0017344374302731087,0.000681262184884291,0.00016713111042538517,0.0003388944071133381,0.0006732485521251954,0.00024055666682247197,0.00021180555745105566,4.473471316156338e-05,9.957306179998187e-05,0.004050987219536948,0.00028834824610632636,0.00011854737132368701,0.0002564950673662151,0.00044073473882099866,0.0004301926153167701,0.00017872443471108148,0.00026396663890837307,0.0006294303578850873,0.0016794495734939936,0.00033084359711000515,0.0011179815684414537,0.0003151679193951084,0.0007001470890273984,0.0013222557565261903,0.00042291371504230577,4.712829306319613e-05,0.00013764751728134647,0.0006274188981090184,0.0012190003812470019,0.0009507525140102056,0.00010803339374964297,0.0013544466963874044,0.0003531310308272339,0.0006035535145378698,0.00030371091771404896]"
service_capacity,Service capacity,bernstein,100,1.0,22,29,389.894920704081,373.30183834728086,4.255783154814121,0.12111662184084022,0.8504664698884348,0.005077059834555405,"[0.0002828478369152109,0.0002768044674550882,9.784203816175197e-05,0.0003975734464388155,0.0007881424338508262,0.0005369565165030891,4.6128156957152803e-05,0.00033386070095190926,0.000539138269380366,0.0001406057805171133,0.00017812654157924447,0.00019298848421803752,0.00012617132310221649,2.919908991668265e-05,0.00032877387133377995,0.0001196119372861781,8.614553635219376e-05,0.00022783942398631998,0.00023663272398098852,0.00010847191218893418,0.0002977934331098751,0.0001404615708445096,0.005256379565116064,0.0002684883284978414,0.0006371682245878947,1.1490008602691273e-05,0.00025316601854926324,0.0020333668519045946,0.000893649716824325,0.0017818094409259722,0.00014606012494595315,0.00017038550603705143,5.140586332519906e-05,0.00024232115067984202,0.00037828894628290686,0.00605583109204686,6.639718362218489e-05,8.97379048990577e-05,0.0005818847619225046,0.0002286451527216902,7.036025693184678e-05,0.0001520491428822352,0.00014100732191973662,0.00033067845011704725,0.0003689318842321621,0.00015445697770879275,0.0002425031827340008,0.0002151298240778317,0.0002295892880855657,0.00017726565780971755,0.001136463276284324,0.00017281715114232028,0.00017355578854487522,0.0006552858283627651,0.00017354123858048283,0.0014584305557041473,0.0009549299780403541,0.0005777925910472083,0.0004759726764994403,0.0009069250451503368,9.7364712903932e-05,0.00011387069574871144,0.0006049669960388926,0.0007497382345687136,0.00017727600517315515,0.0006361734438719834,0.0007820720532131116,0.0005994418233601956,0.0006307195883168867,0.00047967651588801417,0.0011854785045633106,0.0005861578920254441,7.425831181345004e-05,0.00010455915766136088,0.00011266172923804111,0.0006085463202966429,0.00015486439936721722,0.0002575786301978196,0.00037556896144832775,0.00034451467124906564,0.00019313738459986532,0.0006801134965645015,0.000549514723669013,0.0002303850020298381,0.0001600289833819058,0.00014393249247515337,9.761315690424454e-05,9.555221069039414e-05,8.178676641249169e-05,0.00010277912920092844,0.0005138433575510585,0.00022654570996727416,0.00011291414879810717,0.002675394420942857,0.00037481712288890744,0.00022624444465619954,0.0006343739740260397,0.0002734417181918128,0.0004987656975906651,2.7049960177132564e-05]"
service_capacity,Service capacity,bernstein,100,1.0,23,30,389.894920704081,373.94250508761894,4.091465358834336,0.09803519832384874,0.8578778318054953,0.005056283946526343,"[0.0004202538910172141,0.00024937751174518156,0.00010059238585004057,0.001079439070575874,0.00021685766811829467,0.004901759916275703,0.00015203720129232205,0.00155012191712976,0.0003980716754299152,0.0005353662663661119,0.00033949692435378606,0.0016630395366857204,9.979591740866286e-05,0.0003092142348854215,0.0006198548471895504,0.0001230532380731579,0.0009015710138142159,0.0010642404176641053,0.0005612170305105714,0.0003269831819559563,0.0003157831413651043,8.376526494309757e-05,5.816543648985378e-05,0.0007201779011308798,0.00015046956664048895,2.5226453799588156e-05,9.344895357911707e-05,0.000285287236311533,9.964480808639285e-05,0.00013128134421591507,8.942910267009047e-05,0.0002979704575517871,6.682364637473121e-05,0.00014151430947334775,3.551622522931304e-05,0.00011514250847261112,0.0007491592385145192,0.00012322449643680108,0.0008202203328704801,0.0001021529113295906,2.8758658872861416e-05,0.00039396720898713267,8.261717010672779e-05,0.0010326774514971128,0.0006210990919320586,0.00025947259808016033,0.0004094277945562287,0.00010644222188300572,0.0012716252741755171,0.0014145675239404768,0.00015705884669710087,0.0010259727789660562,0.00030346838548907923,0.0006559137892461202,0.0005138812958051292,0.00012832186250609062,0.0014618479731247041,0.0003054632552338485,0.00023502275657703777,2.7146920281279242e-05,0.00014165965916274753,1.9854595756032045e-05,0.00032903434394792404,8.394455162901725e-05,0.00017507339235311127,0.00012819168957713145,0.000449542836448885,0.0001993509395326144,0.00020370983744455164,8.77756174161751e-05,0.00016269073810633148,0.0002146981260518271,6.823054158275731e-05,0.00023012864222706484,0.0007349886936289545,0.0003254914252240906,0.0005428594349319847,9.705077308380832e-05,0.0005057949128284414,0.0003242241586939422,0.00023805205368212403,0.004189704989680987,0.0004111116067417939,3.196113110648488e-05,0.0005192287555202031,0.001039268667616413,0.00011345925613797086,0.0005249515442013926,0.00030979749506800835,0.0004458012208270135,0.0003699430739215766,0.0008406630373372166,0.00019364521041290335,0.0036241281327721456,3.4491210701294986e-05,0.0001806074287540099,0.00024085012996163756,6.752806844824072e-05,1.5766706228612443e-05,0.0010332453323174007]"
service_capacity,Service capacity,bernstein,100,1.0,24,31,389.89492070408113,381.02853913005777,2.2740438777741065,0.042977896914002535,0.9212088314950984,0.004942835014147764,"[0.0004113144028321638,0.0003490137306001428,0.0005499389030856091,0.0001415374521754252,0.0002583059390275713,0.0001303774262466616,0.0012615650783128324,0.0009427631319655276,0.0016441917837805508,0.00019344186807090518,0.001584017964405119,0.0006057471642674499,0.00022440273305137151,0.00040677368634054633,0.00031088522291744243,0.00010533537566146796,0.0019171599408627166,5.2679040493148556e-05,0.00043677667081808516,0.0003539943390566526,9.760513799599088e-05,0.00044804382670522627,0.00038903308859809186,7.345051413370422e-05,0.00018835186144644446,4.2701630237307854e-05,0.00046573821012850015,0.0015314864170963235,0.002148894845691877,0.00043400062295145825,0.0002633966647385896,0.0002605890397150342,9.776194899869403e-05,0.00030696080531272623,0.001020827234704922,0.0002471497520588139,0.0001501686830486666,0.00016361781691127643,0.00127310670287427,5.782933384961193e-05,5.425679621143385e-05,0.0008047428777063629,0.0005778755421893385,0.0001434574596859027,0.00043986485193115983,0.0007055097046748788,5.6043368853416105e-05,0.0007531456450269782,0.001901900230704009,0.0005022945409587573,0.000152191514282362,0.0011272874392324107,0.0002471446247801827,0.0002280036806034575,0.0005722702584108591,0.00036890673735713873,0.0002471432507296483,0.0003334868845664402,0.0001635265604195911,0.00019814462947198065,0.000276048404403174,0.0003807333403902174,0.0007570205050846222,0.0005541963738439088,0.0013186427367353113,0.0005599665459037264,0.0010685359736375476,0.0005805819335619228,0.0005657172455059604,0.00036013005430474685,0.0009081009167094833,0.000583030790537553,3.444294851360317e-05,0.0003005422184093814,0.00013662313542696082,0.0004132159219253378,0.0002909462386998621,0.00033345229272765487,0.00027181319748755656,0.00016993923588995414,0.0009700813197878087,0.00012847519176284255,0.0003295982762378831,0.00023354754375841548,0.0005011248448325762,0.00027735068811060316,5.5692737441174086e-05,0.001420100001337136,0.00020507469701256848,4.30710414045156e-05,7.939151789814662e-05,0.00031717250206860653,0.00017436239411747396,0.00031155591933150495,0.0006418925997085745,0.0016149815399165886,0.0004352254538278184,0.0007145737222074922,0.00011510852610258432,0.0004498068842800158]"
service_capacity,Service capacity,bernstein,100,1.0,25,32,389.894920704081,377.20077092279513,3.255787420457416,0.06144949268032058,0.8876880989593781,0.004998554660226106,"[0.00023489314529040548,0.00025136238307228763,0.0001647871082151831,0.00035514056697311407,8.76588643075795e-05,9.703387241497504e-05,0.00040855358053514424,0.0014367783304867414,5.794986165660025e-05,0.00028708824016594194,7.354195157372802e-05,0.00026911180300863153,0.0007966095799361814,0.0012803911091023089,0.00020873056982228833,0.0011769418145686494,0.0001334134328644421,0.0009651593538503904,9.818960908627868e-05,2.8921516365362262e-05,0.000160058965106158,0.00024626125710773403,0.0002492514674687635,0.0002055568258965045,0.00016865283880889394,0.00029683618445471233,0.001520865466031226,0.000577996743582945,0.000499343799197946,0.00013242920512245552,0.0006026867695298639,0.000411634185254846,0.0017310896811518284,9.730204567524443e-05,0.0012947626004474943,0.0006601030140409178,0.00010453868217767665,0.0003103879050884539,0.0003757226597015037,0.0017920973277314107,0.0010455871174300936,7.39917938416446e-05,9.959950501364719e-05,0.00023705277746401178,0.0001636780070427331,0.0021731846571038686,0.003072474634016267,0.00014373903298566806,5.656289417020516e-05,0.00023500006667229197,0.0012915344069138464,0.00047505158224398413,0.00045914282862647224,0.0001322869382409647,0.0004385144117566034,0.0014241708549702344,0.0009160113281785004,8.128594401659804e-05,0.00021443332411894112,0.0014230883041559375,0.00024747750731771677,0.0001279291958130412,0.00037273219073384367,0.00013640709775407758,0.0002191694590779309,0.0011097795079981513,0.00044441458419476187,5.551239514684327e-05,0.00015728165069741918,0.0004064411563006089,0.00014444544159886304,0.0004698347647178146,0.0003676026650451375,0.0002607782679319685,0.00032456215310283144,7.811711544898381e-05,0.00021556109164215946,6.14997898015887e-05,0.00022143016412988378,0.0009524984365226732,9.815757397326941e-05,0.00012984193856037566,5.216610417261255e-05,8.81905778170099e-05,0.001295296308414929,0.00010727573093282916,0.0026455874260832377,2.92618382000125e-05,0.001889604217592075,0.000151473564178771,0.0001429792595420826,0.0005024512406720619,0.0004725700896302537,0.0002778116689783701,0.0005390948391086712,7.974715140583568e-05,0.00024684114908789153,0.0002755856092009827,0.00026134129173198894,0.0003350230599089815]"
service_capacity,Service capacity,bernstein,100,1.0,26,33,389.89492070408113,378.4283267130189,2.9409446961646935,0.06767876493713405,0.8977990544348727,0.004983989470511534,"[0.00022902226283705199,0.00016240760107834854,0.00030729182020311084,8.763291646947274e-05,9.240543318090576e-05,0.00043335922188152164,0.0005408761412931675,0.00042694263494002946,0.0024161285562489423,0.0006448851907302453,9.057363587655341e-05,0.00013793214475849456,0.0004267163370415163,7.030675612739346e-05,0.0006681147998099049,0.0002639832265910566,9.054072918105975e-05,0.00018220225058195006,0.0012948585649161732,0.000125310166253021,0.00018184194517911783,0.00022993851347805658,0.0001310823473347439,8.38467260029625e-05,0.00036165029081075626,6.747563026108012e-05,2.9530331939441344e-05,0.0003372190892598897,0.002261903172947817,2.697209778532385e-05,0.0006066240833363461,0.0005910159701205389,0.0025666133823164707,0.00021615426681767636,0.0001054394813377707,0.00041961153344003636,0.0019974866744021033,0.00032695335602030286,0.00020072146568016924,0.0010065255128457614,0.000883519300069987,0.00026556801881408884,0.00020060371525132604,0.00038671636130909766,0.00014349969309700156,0.00019717511309696943,0.0003462517366333506,0.00022166820426337616,0.00013017335975948682,0.0009682358266508168,0.00027765827208038493,0.0001803664274037488,0.0004684316381775628,0.00021820731168607543,0.00017907178112353073,0.000787491582286654,0.0001382570366944953,0.0002758412752536829,0.0005194653165643853,0.0008567122180725057,0.0003123604226943468,0.0002453988574568066,0.00011086886359480734,3.053286648087964e-05,0.0006743904062267356,9.067125830508598e-05,6.63926206359772e-05,0.00047012373451997395,0.0007403638260542291,0.00019869914242650808,0.00010417419771984035,0.0008583287507224579,0.0007282924866165051,0.0004336412260918189,0.0011972812292202733,0.00021303455738461673,0.0012508336773714504,0.00043302550386776166,0.0006546697855942831,0.00039887887591459164,6.805720018914814e-05,0.000146019688945289,0.0012903486534112754,0.0033839382468985515,0.00019107149018568454,0.0003953578611795675,0.0004847625048411319,0.0002576264367392785,0.00010634994001082997,0.00014554867128921135,0.00030865051638825854,0.00014408417762898644,0.0003695904250813622,0.00022488677695008087,0.0006406713734664296,0.0012133720504422542,0.0008789747211030822,0.0014018856735446184,0.000833242143395161,0.0002185887104243733]"
service_capacity,Service capacity,bernstein,100,1.0,27,34,389.8949207040811,378.3818783118389,2.952857752404593,0.0674787414579774,0.8973824022281477,0.004984813055580446,"[8.626222118833237e-05,0.0003594298290941911,0.003356255189231914,0.000536681171118161,0.0008954520931067519,0.00021159442618961095,0.00020523212569723004,0.0002725357742550176,0.0002109894780288264,0.00014481721005317797,0.0011352614177504807,0.0003221405067491182,0.000835072665053215,0.00025571562096624967,0.000691020153539835,0.00010221676758467281,0.00023194375819525815,0.00015479250847570832,0.00012208881324716483,0.0002892562742294091,0.0007877910912247533,0.0003612888964660557,0.0002264373781035046,0.0014568942011360239,0.00018577294839842393,0.0007670318198095124,0.000975550399405054,0.0008539308625489149,0.0006830299542815801,0.0005355566820611762,0.0003893343861039614,0.00030562441612622365,0.0004067212495463714,0.00029890092072976945,0.00010666022661163695,0.0001739647274200022,0.00013999971373329078,0.0002162563818215002,0.0006390372080833312,0.0002929179922690991,0.00023730624440181867,0.00019796018421953295,0.0001964018313451444,0.001353879703837402,0.0001912949558574366,0.001198176117560785,0.000700880104336252,0.000929626645419967,0.00013843569661820148,0.0033739370728511344,0.00032533759285262526,0.000757394627653508,0.00045333589135986593,3.823808414089584e-05,0.0012611867849968712,0.0007171522099058806,0.00039082968332549404,0.0008081283796243492,9.930661253466172e-05,0.00043852140228189745,0.0005659428435214917,0.0001006764625983249,0.0002783986923444472,0.00010328238379833494,5.3336378565296887e-05,2.2551769205219005e-05,7.419188897499448e-05,0.0007903729832328859,0.00014915991542374183,0.0011492773877015573,1.9249252287844097e-05,0.0009632767069667296,0.0008231313040880639,0.0001915620952132794,7.755563249830323e-05,3.967436079969682e-05,0.0005503598071779224,0.00011636966792206437,0.000777289567277128,0.00010429879733490896,0.0001270150204012921,8.599682918123882e-05,9.977836932551705e-05,0.00023713529487045536,0.0004579000427403767,0.0001715234992357055,0.002192669909962871,3.634607926079403e-05,0.0008039202728317766,0.00037123911342658614,0.00212676432821744,0.00035940104883624546,0.0003534699624582596,0.0002454233182491402,9.844424994936995e-05,0.00021652046592071287,0.0002682639511325343,0.00033280336153238596,0.00014362530309666456,0.0002930123969727474]"
service_capacity,Service capacity,bernstein,100,1.0,28,35,389.89492070408096,376.18304665850695,3.5168126891247513,0.06975629326122204,0.8781234740390305,0.0050176685816070805,"[0.0001287272344071618,0.00020505140108902168,0.00016634798126258067,0.00013288452741959855,0.0009842207231895031,0.0005987142737538001,0.00019557460243954262,0.00030454871751216294,0.0004469622309473902,5.777929197077657e-05,0.00014289758349670078,3.315076359627293e-05,0.003272449656896526,0.00019558228846033163,0.00036104690387851984,0.000163915476721379,0.00017414742072262057,0.0005769913273403015,0.0025469923023510315,0.0003592640051808424,0.00021309048398815696,7.899297205080582e-05,0.0003947407979410898,0.00024785041129503604,0.00023358727396521477,4.266147304685317e-05,0.0005568995432359824,0.0001797551540445895,0.0004033970655692008,0.0009542706344286595,0.00017349541408915998,0.0009957279942196969,0.0005761269424788557,0.0007682923566818775,7.195748394778041e-05,0.001586963857048687,0.0001958946244542885,0.0004393849826881307,0.00010358315818464239,0.0006049872933255197,0.0003159036297860827,0.0018337916001244176,0.0008347765944298497,0.00016256291657883412,0.00021172791511945064,0.00018116948396115933,0.0009814498183602592,0.0004860275134273873,5.4243287044368705e-05,3.043477938976349e-05,0.00024045206753352705,0.00023778773083417404,0.0002538450716296501,0.00026737720072881113,0.00025636282431427764,0.00015867191900691504,5.825264767689879e-05,5.855466932221273e-05,0.00019640541911624082,3.282615251522399e-05,0.00013490981940622961,0.0003850775184707759,0.00018569513882463033,0.0002867577595232958,0.0010397536137355021,0.0007613139854844408,0.00028386865143624463,7.430572252986797e-05,0.00348781466305117,0.0002902150680543701,0.0003954075912850255,9.594773705322432e-05,0.0003111053276720074,8.806381579657335e-05,0.0001371859938528939,0.00024389825374134772,0.0003836250255238868,0.0002391211469440738,0.00037266743579906256,0.0008582670359616001,0.00036011587212677427,0.001670718768946681,0.00010708550075408615,0.00028233173327043935,9.876060001004388e-05,0.0007342747091394961,8.742932177207934e-05,0.0003644100097759053,0.00028456679562512057,7.57218090980791e-05,0.0023128771700513897,0.0015445774487891264,0.0002083121028853098,0.0012527766308805576,0.0004918311300787562,2.9266105923936235e-05,0.002218270208293603,0.00044428739932525236,0.00011669877325251825,0.0005391547354924372]"
service_capacity,Service capacity,bernstein,100,1.0,29,36,389.894920704081,377.3319816752482,3.222134570552084,0.0709429336168024,0.8882119986524575,0.005000201355976676,"[0.0001685384808102965,0.00016237244192279592,6.828395726981616e-05,4.4904263641101574e-05,0.0006557308304384463,0.0003029041732071629,0.00021992089260350746,0.0009673817543079915,9.182653856908206e-05,0.0005276834306823879,0.000769942450983189,0.00019726597116921207,0.0005131494663113144,0.0001604834839407041,0.001284286030790146,6.271272154349038e-05,9.526318825217004e-05,5.057199757640249e-05,0.00032693111784137894,0.0003238643271499971,0.00029293723996234893,7.92280999711734e-05,0.00039642622349928794,0.0002465587942299062,0.0002462481104212427,3.8582308901337504e-05,0.0005270708097196009,5.375979916180755e-05,0.0001726281672132731,0.0002942484925259214,0.00033214644182885824,0.0011009614785902865,0.0006300216586305671,0.0016808420763336678,0.00025919707371725666,0.00010154719222452439,0.0004499655745711964,0.0007868464534534622,0.0005204144133077635,0.0002547405290040094,0.000619503343831238,0.000285325799283018,3.827480712927004e-05,0.0004372363194885267,0.0005886858725937285,0.0002145084310672751,0.00014958026398255062,0.00012514246656534754,0.00048551294511161924,0.0016638826823470122,0.0012025213867323963,0.00021118652875100024,0.001000287813713075,0.00037040587018482,0.0002697028713277877,8.801619530071465e-05,0.00018449459894153496,0.0003146184407772629,0.0004344316131789328,5.110704770128301e-05,0.0026221462354275374,6.399530159746911e-05,0.0007214512873560479,0.00011718217553178781,0.0007810069895394572,0.0002533479416545659,7.766747930789588e-05,0.00032900967786733833,0.00034890953928884096,0.0010776249736900857,0.002151292079043705,0.00014991378323040235,0.00013461509443279257,0.00022136963346082792,0.0003825187824386013,0.0011664101165691416,8.864044832505193e-05,0.00010225065488280495,0.0005880563498982317,0.00015469541832900983,0.0006119146466388399,0.0001627082849256806,0.0002229978820806899,0.001672066612097049,0.00030056992162455666,0.0007839190100958902,0.0007943351142532928,0.003547146680890008,0.0001760469310563232,7.47644651151431e-05,0.00010348898453624838,0.0029469514039412443,0.0004361339031830591,0.0012158622965880092,0.00015793827651547538,0.00015618419472793126,0.00017691232026299683,0.00036909485348977976,0.0001478313668171053,0.0002182151357058197]"
retail_inventory,Retail inventory,cvar,100,1.0,0,1007,355.4380693853894,340.05269733732683,4.328566176005395,0.05802386426975413,0.8684493104130447,0.018818834163447956,"[5.552808122972588e-05,5.753270889374374e-05,8.882042883869725e-05,0.00011212268998800818,0.00010401013947979326,8.332642303594062e-05,2.6270388054698957e-05,0.0003813328687420709,2.189945474245035e-05,0.0003646225649793679,0.0003002527871274002,0.0011804422403367423,0.0007038731373670383,0.00035577711101660237,0.0029011932134877065,0.0012818425743680118,0.0004600062978164216,5.84204683997521e-05,0.0008214405384084762,0.0001422991592890376,3.5256411834935935e-05,0.0003464507604235794,3.7220378024041e-05,0.00017345598283148567,0.0004957926114625428,0.0009719322512469315,0.00022384695935026965,0.0008640472263048159,7.944703480490614e-05,0.0004018917798312253,0.00018011400053772025,0.000781444109890829,0.00015749365273739498,0.002084330102640033,5.106638346409285e-05,3.997685102075573e-05,0.00016443916670391432,5.4899142718479135e-05,0.00020312886181401835,0.0015580419162569154,0.0024384269638788943,0.00014752740597629178,7.388702061350127e-05,0.0010872673418949996,0.0007387741884476515,0.0006192273808599148,0.0001589643848662167,0.0003851886837846117,0.0001468240243239291,8.679671272949095e-05,0.00020557179571920902,0.0007163735051391039,0.00011663180102115341,0.0009505352121043398,0.00014138165522624223,0.0002839174609530209,0.00014565119225946562,0.00012864300997333063,0.0021522475246144,0.00016967701345066123,0.0005929762788546099,0.0010198321057813709,0.00020297475700379916,0.00048789496764763455,0.0007261379587799158,0.000364348317129407,0.00017563511516204024,0.00015810559412330632,0.00018882477540957206,0.00017809202743144378,7.536940613566327e-05,4.6844050582208134e-05,0.0001639452457233392,0.00035875074831240604,4.243702914608347e-05,0.00012072923125060021,0.0005344507385827451,0.0019785032584569914,0.0013147962678952479,0.00010448002861848969,0.00044730196487340827,0.0021669249037936035,0.00034033576961719223,7.391718265471163e-05,0.00030514744010595664,0.00018992443009182298,0.00013229877370899218,0.0004469425095982293,0.00020592354802819116,0.0002369825367155776,0.0003433515747358578,4.969036513393909e-05,1.1645641427189469e-05,0.0005207675904556299,0.00011726337709967999,0.0027568460908162173,0.0001581485354679072,0.00026321743140630304,0.002432391283878989,0.0006670480110267301]"
retail_inventory,Retail inventory,cvar,100,1.0,1,1008,355.4380693853893,341.77791359182754,3.843188721225735,0.08956039033651238,0.8816623462671785,0.018815249855071284,"[0.0003209587117798658,0.00028430016086505676,0.0011708900330212005,0.001376443431249789,9.64073697321411e-05,0.0005551200364217699,0.00016762561329189133,0.0018035971248279586,0.0002538244726287883,0.00011319433686316754,0.0002531482595603845,0.0001076518070123873,0.00029147206794023105,0.00011634937920547558,0.00040987783716966693,0.0008593961031447178,0.0008457240121566267,0.00048335537153574855,0.0006300115844686556,2.765145171746587e-05,0.0007389589491204348,0.0010497266273026178,0.00034692516799298225,0.00023669615340020375,0.00016062599048944232,0.0001535427977261895,8.165081783757241e-05,0.002488226198442264,0.00042417269147448786,0.0002228630247457861,0.0005239632555884941,4.35021210515434e-05,0.0009033187629362744,0.0001899525203805683,0.004478019516825619,0.0001368723255888669,0.0007090425997902725,7.374910812271091e-05,0.00016580196968036702,0.00011676799857930974,0.00040958274896002494,0.000725381145854312,4.447800413017062e-05,0.00014687002791775037,0.0004996749501818504,0.00031421998579489734,0.0010181859536333073,5.7228788389743526e-05,0.00021443657135669718,3.983037201802421e-05,0.00011827283794395258,0.00015361219642256416,0.0004948193748813586,0.0008143117177252169,0.00011270762750723873,8.44706031024185e-05,0.00014807488030491394,0.00021542806783948635,0.00013355455805090483,0.00017846169829160784,6.522319918798582e-05,0.0002900819124904569,0.0004360727276627714,0.00013551534734072658,0.0010462540725486862,7.30816240944102e-05,0.00023936516961670012,0.0004047243070035735,0.0002690358250519166,0.00027928912057510904,0.00014917425717119584,0.0001752957979998051,8.608550976170895e-05,0.00021631661919377084,0.0009902142502900043,0.0006992798402704884,0.0004417084853163964,0.00029736067962980945,0.0010790399277328566,4.323912243579976e-05,8.252901104936648e-05,0.0002759649410734628,0.0011221599496373063,1.9602881227950904e-05,0.0007499777111811341,0.001085362778356581,0.0003017360567649288,0.0007317119858143318,0.0005410140152543908,0.00041765712168571585,0.002142153217310887,0.0009457753998120519,6.0647456615218696e-05,0.0030961388203164172,0.00031011224705167396,0.00012587792768811953,0.0001575420503680204,0.000364864059273227,0.00014571553080077888,0.0005721191713688371]"
retail_inventory,Retail inventory,cvar,100,1.0,2,1009,355.43806938538944,338.9814622879074,4.629950620072356,0.1309445087562947,0.8557650697155433,0.018830897313172005,"[0.0007467735720135349,0.00032627736754390615,0.00034963622846375124,0.0005011814540362786,0.0011086179967270057,0.000917185647506381,0.002383748157831886,0.0009134985079452278,0.0003700712481565667,0.0004565613848550421,0.0008877789397109053,0.0007233944639291168,0.000164713251623083,0.0002814671144284193,0.001261555865643312,0.00014492676089447238,0.0004219881563449011,8.249020659844329e-05,0.0007991482384264184,0.0004938249668628415,0.00011731176717031843,0.0002685100688938351,8.464761200566146e-05,4.631291784478362e-05,6.153776970622924e-05,0.0011511390032766346,0.0003945022054334266,0.006547225437814736,0.00027844542950183947,0.0005877401105611204,8.035270210587021e-05,0.0007963722909935305,0.00025887940842553715,0.00021830555726988984,0.0001479570203722035,0.00023437887261000466,8.5743936467426e-05,0.000265610502006054,0.0004358790051321389,6.140104090584005e-05,0.00029171209027045974,0.0008786532550861576,0.0001208768271547658,5.81413112361107e-05,7.231650402187005e-05,0.00011388610597267482,0.0003473426729902341,5.816183721587405e-05,5.687405394269748e-05,0.0002655687715589534,1.853368687481433e-05,0.00024114185845508436,0.0003897990669005332,0.00040123964993153064,0.00015915505213591358,0.00015994269612074654,0.00023582177622399466,0.0005316483323852735,0.0007974542832538933,3.870988039313927e-05,0.0004008140311395471,0.00039620591137472916,0.0014511274253737466,0.00021713383163479005,7.214409993423685e-05,0.000754244482212949,0.000980072755400486,0.0008629018239790095,1.849237878803846e-05,0.000406413422687531,0.0003612574985273949,6.222217318700377e-05,0.00010603755284990714,0.0005330005584569421,0.0002991007639646169,0.00040596918343719604,0.0002788950350771319,0.0002137740315626639,3.491964399397659e-05,0.0001567786404154232,0.000186553370810527,0.00024345379734741805,0.00011946516412454048,0.00012348158842085736,0.004757489189210883,8.455178810942994e-05,8.435711117189998e-05,0.00024061763747802882,0.0006238093062597155,0.000237921180446899,0.00016441467291412667,0.0003999041007578788,0.00014395841392988488,0.0007695220563249105,0.0014129006493033402,0.00010614777439832585,0.0003404017960008915,0.0005176586302269153,0.0005912611118898272,0.00014655351671308294]"
retail_inventory,Retail inventory,cvar,100,1.0,3,1010,355.4380693853893,341.88660826250765,3.8126082403931503,0.08301445152580332,0.8830600627794706,0.01881380559207958,"[0.00010875929291981975,0.000346306482148882,0.0008952994695937519,0.00016188676450966803,0.000641023528381516,0.00016500040729770636,0.000483953604749217,0.00024061696830366766,0.0003720021660861944,0.00020005964431027545,0.0003155779660490166,0.0001044427262787484,0.00021118980201446165,0.00017644469251635185,0.0003212518004951779,0.00017511053663421137,0.0012534214980370719,0.0005129339831260347,0.001951543332648114,0.00022583178181578755,0.0007885066303257735,0.0002910445286053327,3.107323858099325e-05,0.0003836238451634059,0.00017723023172240053,0.00016098451267036027,0.00011144605351465778,9.351563131516772e-05,7.145247730554385e-05,0.0002710435398642639,0.0003312597892051128,1.7643524259552752e-05,0.0009660956677877824,0.00011814649860037,7.19670630819461e-05,0.0003039981249212679,0.0041507225762901665,0.0001675454465505143,0.00036237792658868766,0.0003384854889632276,0.00027778451959208913,0.0017979889414140447,0.00021932230036254764,0.001059140514493894,0.0011756068619686976,0.0016686237666033248,4.891805897977609e-05,0.00013284628309063952,0.0006058566897367436,7.545423141792036e-05,0.00029787514855709297,0.0001614588339224785,0.00025462448808888106,4.949251376172935e-05,0.00011699012928474898,0.0021326845775594414,2.6479845954442664e-05,0.00020488362161324777,3.6728494157742264e-05,0.0001914769873434738,0.00033867360524851597,8.819834951749452e-05,0.0002838716955123382,0.0003867213254013111,0.00037854581133426875,0.00039815991532972893,0.00035313860712213405,0.001331333976242022,0.0010460551142543529,0.0001740822999547024,0.0007004024428488174,0.0010017457687244275,0.0019601876004409526,0.0013491228657134561,0.00038338529072101874,0.0005329261410591731,7.093962146151619e-05,0.0018154346897528541,0.00010011741026067818,0.00019063644960668605,8.234291797048743e-05,0.00011423639814556415,0.0003625034795264854,0.0011733533223884532,0.00023274038725296217,0.0008815913173534528,0.00019978122095007226,0.0003095255269704773,0.0007450828211084635,5.141895507530552e-05,0.00016526202094204216,9.667228235828923e-05,0.00034799210511705594,0.0005676511951795824,0.00031105898880721966,8.738189230495831e-05,0.000205028528522317,0.00011919809362789223,0.0004618159789178375,0.00199662753583948]"
retail_inventory,Retail inventory,cvar,100,1.0,4,1011,355.4380693853894,344.0467628214919,3.2048639538232173,0.06682767766361987,0.9014733407183568,0.018805858269551407,"[0.00015969141313025128,0.00015176829950282644,5.5398755990195155e-05,0.0011626822428980473,0.0006240204771968112,0.000634028152179534,4.2416757766914e-05,0.003341383883180994,0.0014179910661704979,0.0004254261673152329,0.00047582607274028634,0.0010193380026701946,4.442240627818674e-05,0.0004171679782770119,0.001072084079330401,1.770848282734611e-05,0.0002712880840151246,0.0015845752449241753,0.0003405176218687206,0.0012614863446992186,0.000207165977957271,0.00021924509458423757,9.892807438722846e-05,0.00010473215896962174,7.111112659155445e-05,4.58188633891904e-05,0.0008171635270792589,0.0003264718702613137,0.0003393855090686314,0.00022314930021534633,0.000550602311949786,0.0010688716666555872,0.0003157540855430132,0.00018675463139811307,0.0002791744349932442,0.0006218336294583216,0.0002553732307708289,0.00021753976306765354,0.00010173669284678749,0.0030056955222231402,0.0007931206715714097,0.0006275653351474111,0.00028310749127378034,0.0003771396409330409,0.00011532182870004933,0.0008966477229448748,0.00017458592781522417,0.0003411847136920965,0.0021440543087105626,0.00018247665379731142,0.00016024408169352093,0.0001798525172332455,0.0009520831367003044,0.0007599517833752002,0.00045043118972974255,0.00030739445114730187,0.0008941062273714566,0.0003708912712284711,0.000193364632217434,0.000596909664635975,0.0010069338417360563,0.00042531340507597425,8.120572423535016e-05,0.0003617319946477948,0.00123866791007133,0.00045795894726308146,6.0519850459947835e-05,0.0005375754441821724,0.00032258855057901896,0.0005263313134338379,0.00017885055655419516,4.5773618939469044e-05,0.0011854067144180084,0.0007128923280977124,7.716658169099387e-05,9.909548344388288e-05,0.0012471757794344186,0.00039421223104539485,7.983780546655667e-05,0.00032137196069554664,0.0003488240873831499,0.00018390565386476216,0.0001499802120966063,0.00025590213640998386,0.00015844558966222316,0.00018825971482206783,0.0003096469382274579,0.00024837416554105877,0.0006462172273263904,0.0002100242151674046,0.0005453304025314765,0.00035429875828210417,3.83839837919789e-05,8.392622822643095e-05,0.00016208767615812056,0.001471610248022134,4.2289606098440935e-05,9.561974886445707e-05,0.00045631515814573023,0.00031378595361677085]"
retail_inventory,Retail inventory,cvar,100,1.0,5,1012,355.43806938538944,336.8867091804513,5.2192946684119885,0.11124955154716977,0.8398414912466766,0.018835346884521566,"[0.00031199616736834443,0.00030889733108579526,0.0007051632213466457,1.839750621441355e-05,4.127761762235839e-05,0.0003279993532747012,0.00010075280939104769,9.855080580945181e-05,0.0009064576471913483,8.686504263826427e-05,0.00556247757735849,4.378120407958428e-05,0.0005340529450632796,0.0004550475489566802,0.002228344253781531,2.4484878755967754e-05,0.0006980332558095421,8.084573017236467e-05,0.0004489499395824265,0.0008126750433077745,0.0020137411620125274,8.82044932060654e-05,0.0008499149237117803,0.00016111748654334414,0.00129866505397003,0.00019694461048999344,0.00022520421132232198,0.00011008722923598373,0.00024259672208221754,0.0021996612336083535,0.00011381790227232968,0.0002716919167471779,0.0004312958063916227,9.26384035271518e-05,0.00010138248717449034,0.0002796824560099376,0.0002251882152567815,0.00018456896905679756,9.315490649720236e-05,0.00013788926069092133,0.00025225838356600654,0.00017577579372033702,0.001065783550268602,0.00020063962644812527,0.0008487562288415755,0.0001530144353413308,2.2763930287942e-05,2.342042962190717e-05,6.04890751282905e-05,0.00012220798858151753,6.852060330248485e-05,7.826740184150865e-05,5.053057211028613e-05,0.00012983005671799081,0.00013357744741257274,9.708787713362687e-05,0.00030425425480085116,0.000187808266240112,0.0003819381319879437,0.0020526931308011537,0.00039446829177723505,0.00019067747025521708,0.00029679267132919345,8.354910483899131e-05,0.0002997137475912132,0.00010259818461703342,0.0001145656918167283,0.0001073696586500848,2.531099452222429e-05,0.0012275676945610427,0.00019659957173362758,0.00047074495681165914,0.00010255423877882429,0.00016792429938034217,0.0002452732854903225,5.041093002789076e-05,0.00010690848007024457,5.118343233798899e-05,7.792694083316773e-05,0.0003417743111879916,0.00023553082882138068,0.00039292691630822,0.0008108931728234564,0.00013131138093759725,0.00016710233428227287,0.0004402136340132856,0.00012724331370850552,0.0005899912057115575,0.000776834112613397,0.0016819421484938863,0.0006117516923182391,0.004883699262905643,0.00014190662748088436,0.0003551642115997884,0.0007857465854433055,0.0009289531467861307,0.0009479107765584674,0.0005289634623588932,0.0003271580731419902,0.0009587286443108772]"
retail_inventory,Retail inventory,cvar,100,1.0,6,1013,355.43806938538944,346.37062544789694,2.5510615543156625,0.04701191036245812,0.9214545494368476,0.01879723684110478,"[0.0006257467009549456,0.0002198807386824219,0.00012438596276001626,0.0006441127192903682,0.001964402739849495,0.0009563292461564689,0.0007190406591782223,0.001617343661748988,0.0003836642923001882,0.0002096283261846363,0.00013910745198425793,0.00010751058867001084,0.0001660634070903202,9.406678437497344e-05,0.0010574659452722661,0.0002101903926312637,0.0001267577423807571,0.0004413799643788895,0.0004901817361166109,0.0007025584204993425,0.0004476073776470166,0.0007679215274775077,0.0001258154959645042,0.0002409907603822706,0.0001947334554357813,0.0015632009449659677,9.97801851211777e-05,0.00028853539052401203,0.0001461904320943963,0.0005128970783598496,0.0006118773637985193,0.0005712444656684916,0.0013630864024542003,0.0018538269622673529,0.0006066904340290805,0.0003764685317861919,0.00016783752095875357,0.0003777548965281467,0.0003890361760410088,0.0008837315946560493,0.00042942691057269147,0.00021908501694616208,0.000514170900889211,0.001803312326830995,0.0014405685098975048,5.005199987214381e-05,4.265859350719418e-05,4.4871853400523674e-05,0.0003564722897096843,9.344073393937737e-05,0.0001726716692559093,0.00035705508528554284,0.0023505955181229066,0.00017093395493698518,0.00026040196369833457,0.00019897866742519212,0.0005883899572936506,0.0003183270319329915,0.00022945338278866154,0.0001648084632869741,0.0002569225334463621,0.0002566205763670778,0.00015056243719208885,0.0002775239271115017,0.001463995775659812,0.000619131454440559,0.00044542944744850707,0.0009489120666996421,0.0005284452970608269,8.653154914262364e-05,0.0008339284631740019,0.00041891338918688924,0.0002772947165500944,0.0008661585302846554,0.00013667659501235679,0.0001058605590257168,0.0002547306093652393,6.888097102944243e-05,0.00013448297025750084,0.001141485860934302,0.00033129535297819057,0.0003792209463045937,0.00021753008909856255,0.0006430294619661273,0.0008383265130162624,0.00013670371714365586,0.00014972545844251753,0.0001232384925202085,0.0001492838423251589,0.0002949401051528047,0.0003931201675658214,0.0008406264891079268,0.00021427138234884514,0.0002254949777027539,0.00045723015900943684,0.000647365273403374,0.00042699175280678007,0.00014538823429880324,0.0005177002021191694,0.0012013103470424516]"
retail_inventory,Retail inventory,cvar,100,1.0,7,1014,355.4380693853894,341.50790581772355,3.919153508726109,0.09593951625029448,0.878859339714788,0.018817373718531205,"[0.00011130909351675479,0.0002459880212798215,0.0009747971118287486,7.653397410605886e-05,0.0002954307772463724,0.00010320975914712523,0.0004663166503245022,0.000583991477017123,0.0002165715711882415,1.882407369420657e-05,0.00011510631636678274,0.0008974298732845289,0.0008205551122470462,0.00011089240832614821,0.00025815128221981883,6.556793597018356e-05,0.00012599323696718548,0.0002664939990249814,0.0005932794388222759,7.439182801702738e-05,0.0006721108568580457,0.0005313441590694117,0.00021419618233520937,0.00033753733776918285,4.510119630070995e-05,0.00012861883661523604,0.0002162602895732482,0.0003131911644139613,0.000452693655120586,0.0010828666269557783,7.877698656627883e-05,0.0003500246012794258,0.004796975812514725,1.9561052772366502e-05,0.0003852522944328557,0.0004980045928026577,0.00015201596812617054,0.0005400141756962025,0.0007819928669328334,9.370272077528424e-05,0.0004400799033584558,0.0006159474616150906,2.7619168985727075e-05,0.000939210950931566,0.0010411615965425555,8.500523521879411e-05,0.00012742975493047756,6.924272485144804e-05,0.002435076914612122,0.0001461619697956705,0.00023056182987034218,0.0002650020521375274,0.00045655305869694954,0.0006928532146764414,8.963354929679955e-05,8.212479549461425e-05,0.0005307862417286269,0.00021055294921903475,0.0002882643394444244,0.0005641552803216962,0.00011036301352125276,0.0004790946099881973,0.000573642459823804,0.001385242581884145,0.0007334330630297556,0.00019824091491578495,9.927026114928506e-05,0.0007542497912246677,0.0006714154192011711,0.0014126469336305117,0.00029292204064079817,0.00015226008259071263,0.0009097969558341859,9.5829921744342e-05,0.0007788313273027402,0.0001678917546240749,0.0007091100342169377,0.0002424647841947093,0.00018828072337115446,0.000327048946763333,0.00011101720341028284,0.0004931110839340162,4.542832893168777e-05,0.000172867479552229,6.004925352781544e-05,0.00012052348914639582,0.0004251322527181866,0.002481299967898485,0.0007594434027208434,0.003647118333700849,0.0004371769232428466,0.00033542846863740414,0.00019141422140644642,5.276161677727272e-05,0.0009125869325432616,0.00020766785674357954,0.0006639192869782475,0.00010083272942000445,0.0003341006802348628,0.0007175865595902609]"
retail_inventory,Retail inventory,cvar,100,1.0,8,1015,355.43806938538944,342.2019775664771,3.7238813056237,0.11472117398550402,0.8838672955890213,0.01881660199480064,"[0.00019562497875409053,0.00027899533587172316,0.00020475698194980356,0.00030028925995368534,0.0003672954029759277,0.00024314810998061175,0.00041541372203337,1.8247523405058495e-05,0.00044443457592387164,7.84010382113387e-05,9.479073255677496e-05,0.00024144150710625446,0.00018507985767565724,9.476076453380684e-05,0.000913939135866129,0.0007253760938273072,0.0011327552762638942,0.00044656629855602893,0.0005861419779093717,8.311799708481345e-05,0.0010425370367747203,0.00020590444663517028,0.0004603077709137569,0.0003568129944058912,9.410103896606807e-05,0.00018969864335052948,0.00045953143210410315,0.0006828966669350302,0.00036620558783202734,7.778990633940023e-05,0.00052564903608701,0.0007423623379440684,0.001670444077873155,0.00012211099119950895,0.0002020726968467034,0.00013223127731860893,0.0008701264430398739,0.00028707152740713046,0.001600318552502805,0.00019698815140493893,0.00019587210890356744,0.0009567136336359285,7.839519438999665e-05,0.0005993069676340631,0.0013866650124322263,0.0006036670530043088,0.003130103908253365,0.0005104965341280104,0.0002000201526092868,0.00023012528418960812,7.32400184111621e-05,0.00019255224027921622,0.000468286275293996,0.001337355552222482,0.0007168809640267276,0.00020501415436602409,0.00043228165830977477,0.0011776502548014713,0.00012480029585783196,0.0003537238119403237,6.350423297836358e-05,0.00040020492588744325,0.00035810828769975247,0.00013892809271828636,0.000680954657690771,0.0002653344747359376,8.569419531794051e-05,5.546492890188663e-05,0.0005363035131214778,0.0004952632961211154,0.0006010805916259285,0.00033526372875561996,0.00014171458045645735,0.0005029036666298708,0.0002612945652257004,0.00014450489207117867,0.00017480898172904572,4.143238095242493e-05,0.00022242936790894052,0.0005221553455625027,0.00012625023986965835,0.0009291364084316167,0.0002058755222328287,0.0002932450179305181,0.00028621829576084716,0.0005572359064524127,0.0002099893192041153,0.0002957471179990921,0.00033026245184534245,0.0001829335565635346,0.0001066144890311924,0.0012221537167665033,0.005736058699275201,0.0002340839394654389,0.0003299050284724886,7.839854320777358e-05,0.000190819861779027,3.9841647836643793e-05,0.00038275890487445875,0.0019262343659012708]"
retail_inventory,Retail inventory,cvar,100,1.0,9,1016,355.4380693853892,344.3163972091413,3.1290042159746974,0.06555080639753877,0.9038557618232956,0.018804716513152107,"[0.00017111377604800028,0.0007469479282565764,0.0007196372929647861,0.000770923071272732,0.0007704185486522713,0.00021219047218638823,0.0001264390408074231,0.00047833508067703063,0.00027050333664974623,0.00017869049144679045,2.0660997597208958e-05,0.00011588531419153636,0.00017673760051211372,0.0002893078762942474,0.00042555517596086896,0.0008457552216361111,0.0004408433274869614,0.0003241258483713659,0.00020647236700559608,0.0004902542077670127,0.0001549733053740287,0.00031569707724871766,0.0007326863336495991,9.704099484985605e-05,0.00013444803866628186,5.2841018040729715e-05,0.0002130337174918943,0.00019909604506202782,0.0004129217550250328,0.0008206744471707512,0.0003656887629341916,5.884903892867285e-05,0.001718829242617264,0.0014596575492712616,0.00037150999648976555,0.00014332631389901373,0.00025109064614139986,0.00012817938756601768,0.00034286207247540945,0.0002367487442441694,0.0008299500203263862,0.0002104428777553764,9.972195316682035e-05,0.00022066839480910428,0.0006516671748852117,0.000286038647942852,0.0009742553908885324,0.0007374399090193922,0.00017454349230231172,0.00044738791091208935,6.38826464051817e-05,0.001791216235195867,0.00036360448326298395,0.0001528328464367471,0.0003314322312660169,0.0012193074206710533,0.0010901080695712158,4.1029512621612235e-05,0.0001683296491079175,0.00045184496205245844,0.0012205132126836065,0.0005374662602888966,0.00012244084657877166,0.0017087838237193182,4.252053193583455e-05,0.0026736949435529154,0.0009488198532884419,0.00034249753449270247,2.1086894064665073e-05,9.511453217211808e-05,0.00011282248603307233,0.000615137565554041,0.0005652385840411103,0.00016194003036820332,0.0008104481389487976,0.0010042187457402348,0.00033218659679468197,0.0004196488706437941,0.0004857061904475701,9.736902126780079e-05,0.0008936836245495771,0.001987878148547456,4.458878736879799e-05,0.0005547576406206592,0.0001828615195536456,0.00010836207079979653,0.0032775403198769385,0.000381699156559667,0.0006755534869642754,0.0003315722700067768,0.00019800276732587978,7.956312165852197e-05,0.00027350182804314875,0.0007082440878745049,0.00037603066035364066,4.977554205160606e-05,0.00019749887751170926,0.00035006375390909104,5.858653263203616e-05,0.0006559258496457217]"
retail_inventory,Retail inventory,cvar,100,1.0,10,1017,355.4380693853894,338.31878106990234,4.816391318208849,0.11310725445493541,0.8513658982889174,0.01883069906537715,"[0.00038887499800112786,3.60184638922969e-05,0.00017256167182717324,0.00048514016062682776,0.00015600223006627308,0.0003757908835417341,0.0001326029358933144,0.003107455807149112,0.00018786931642433675,0.0005339151336587156,0.00011861312278956184,0.0008147878607657522,0.00017253171142533598,0.0011633606887900862,0.0001349464400112502,0.00016529512440495412,0.00022086354139550882,4.255055532562375e-05,0.00025111119789729766,0.00014940949887998567,0.00025989804670568,0.0006113396109104918,0.0003068192788574488,0.00039712049314877783,0.0004182000359879476,0.0001883744887354123,0.0007749968589284161,0.0004244429231180528,0.00030962119677865104,7.84281784911496e-05,2.5893803302155698e-05,0.00021724002786078188,0.00022250196331268033,3.118791094035892e-05,0.00015062710980193699,0.00029628750912774095,4.263925153112206e-05,0.00010564505769659294,0.0018465297882113247,6.688122570342661e-05,0.0002808163491279862,0.0001658936309154449,0.0008192498569367895,0.00020525719138320017,0.0006522980290595103,0.001463140309188723,0.00021095857837897587,8.127444153820463e-05,0.00023488866272691034,0.00021905714502272927,6.204726579758975e-05,9.625083575034914e-05,0.0009524950894534328,0.00034121340926120797,0.0009365603374148541,0.0003483156938470624,0.0003036104175360416,0.0003932814956996919,0.0004866063482431712,0.005655362722746774,0.00048357358130745047,8.166476372178863e-05,0.00031395706001314627,0.0001983878141697912,0.00014981022730643662,0.00044569296506427277,0.0003544736294005896,7.695444493504652e-05,0.0019120989795844646,0.0001163809085979574,1.5310122275311273e-05,0.00018924620721345558,7.382395138765041e-05,0.0007484773290773421,0.00031835364557217775,4.3059784699032114e-05,0.000456119036842466,0.0002639659403294888,0.0019363378240569876,0.00010157204455146809,7.494301811716826e-05,0.004094044712815775,0.0006610085182570111,0.0002553294842460676,0.0001784103368563522,0.0006674920910016195,8.248319905219121e-05,0.0011852310476638088,0.0004990105115183073,0.0005045626282246386,0.0005814363813735181,2.61921879737225e-05,0.0004080047014512063,0.0005036717149393337,0.00010361960421204236,0.0016751320665789502,0.00013731748145728073,0.00032800841381633186,3.6331365133142846e-05,0.00022555636326016502]"
retail_inventory,Retail inventory,cvar,100,1.0,11,1018,355.4380693853894,342.36418587022104,3.6782451406443974,0.08976304888220046,0.8868526374212748,0.01881272067358699,"[0.0003757188197918276,0.0005220721226224091,0.00027573370724540467,0.0006094706191443657,0.0006300748905586287,3.496883582766138e-05,0.0001233023845327724,0.00037957380445493845,0.001136946983284991,0.0003864191990971475,0.0007017512598350777,0.0006030612017170866,6.912990421849471e-05,0.00015542061193974202,8.010340591403246e-05,7.297907270279847e-05,0.0012935315270950543,2.6330928560258297e-05,0.00021374103140248693,0.0010162329415118283,0.0002565776040558952,0.0004740954785346998,0.0002289784118378102,0.0007599300040428992,6.730345354050079e-05,0.0003752603869438642,0.00031507457929797,0.000172586320489552,0.0005960590692210783,0.0006445547107512097,3.445008636489655e-05,0.00045798651678580557,0.0009270886381942365,0.00012833884202877684,7.960822796365212e-05,0.0002303633444529225,0.0003608980627033391,0.0017894777855160125,0.0006014142164647026,0.000155259171539456,1.844148322537072e-05,0.00012722061284408518,0.0004562110377386513,6.822816768628281e-05,0.00024462715986193914,0.0009602132878982226,0.0002601498655450295,0.0003698912404202014,0.00017028153021876916,0.0007141022778544905,0.0001921223694165708,0.00020702556364029452,0.0001926489808077194,0.00010321168119155627,0.00015888761184432076,0.004488152444110024,0.0005543416861686927,0.0009739178680735818,5.001501895475384e-05,0.0007436936403927676,0.00010277219813924144,6.731012305039913e-05,7.127073522925367e-05,0.0009288666633287166,0.0028175484908529577,0.00010087125741804961,0.0003825637190081514,0.0006956237578411505,0.0011737316398061878,0.00033442484359105215,0.002359472153224091,4.192456770608749e-05,0.0004749410714826368,0.00018184943122292896,0.00012512386687161061,0.00022141614014609178,0.00015807845403060242,0.0004966577968595994,0.0005744752777329619,0.0002541705238838371,4.7889912865446844e-05,0.0003453832871894152,0.0010996150440972764,0.0005645235925871615,0.000878650534147193,0.0004339776320681155,0.00020296922395141736,0.0005063644786497796,0.0015254409967151812,7.735536575973094e-05,0.0017685997671874375,5.4611019273808165e-05,0.00048365513660312745,9.189473422480743e-05,5.5351165017587206e-05,0.0003612705436634654,0.00015749332694673225,0.000912770964591831,0.0001802232745332731,0.00027361559842200564]"
retail_inventory,Retail inventory,cvar,100,1.0,12,1019,355.43806938538944,343.67052812415875,3.310714938773636,0.06918280472138684,0.8982687144996099,0.018807161556446326,"[0.00012936847705142472,0.00042870333664078063,0.0001062474026953091,0.0004654991683453117,0.00013552454688174167,0.0007433100907288179,0.00018654028036405493,0.0002784213595851525,0.0003310648523351309,0.00014912301642863585,0.00016655757927906554,0.0008006878856166639,7.456132587529929e-05,0.0020418112751750084,0.001039411664493986,0.000289333915906175,0.0014595242146491865,0.00016356254456769266,5.262267426048504e-05,0.0002472212287681879,0.001504273462531124,0.000168249565561364,0.00032684017479701666,0.0008113335007579478,0.0003168146969785833,0.0009652690426857733,0.000332174079285853,4.127022596685893e-05,0.00010552571735503208,0.00014841383406540842,0.0014738601173399928,0.0002071908980210344,0.00021608174659164348,0.0010215503529397718,0.00037437403589500134,0.003459140236069343,0.00038094508016486606,0.0006079721157270926,0.0003677235658864765,0.0001474094697820726,0.00221428163319622,0.00020452958803115825,3.260409166538715e-05,0.0003305918485986674,0.0001761992251031854,0.00040745217144943905,0.00010335729703529276,0.0002387628500751239,0.0025049349301082217,0.00046833093890966186,0.00011143754866339904,0.0005356674345528251,0.00010871579550614153,0.0007272866022237317,0.00018883774472742116,0.0004942470851242869,2.1039444695861047e-05,0.0003445119415201666,0.0010291284288851058,0.0002143585501446731,0.0005892164309989512,0.0005835965494959971,0.0006142324196282717,0.0011752570332107847,0.0011256453362218782,0.00012055757222947801,0.0001391986569211624,0.0008469211668018963,0.0003931084747127886,0.00012687946695923562,0.00014880190687658546,0.0001861146790919945,5.751119575300495e-05,0.0005774846934970071,5.4030617200585226e-05,0.0003598349739686932,0.0001619123854938024,0.0001705527904932807,0.00016796172623752224,0.00022309976781463412,0.0004244889643129456,0.00021738734942283302,0.00014198536427564024,0.00017768591097343193,0.0010888510986002086,0.001474335505448118,0.0001982112764489917,4.80371914334357e-05,0.0003510490924138197,0.00010220942810072547,5.6175107162499174e-05,7.855820069222232e-05,0.0005205401240430689,0.001070424859865091,0.0010882931985024729,0.0004683682167714179,0.0003723805450838348,0.0005053516278288575,0.00024172640786994623,0.0008302387788765651]"
retail_inventory,Retail inventory,cvar,100,1.0,13,1020,355.43806938538944,340.44393043538497,4.218495496538058,0.09590733658303102,0.8705728562247079,0.018819831497057807,"[0.0019642178660284094,0.0001725328585455509,0.00016720709251656068,0.0002651531910932431,0.00015579177824372496,0.0012296829657717854,0.001015710398229125,0.00016224664659973662,4.6954374572638936e-05,0.0007522073577515088,7.00775769925083e-05,0.0005021825331128927,0.000172615076512387,0.004795366829151551,0.00029131286106137927,0.002217554144749661,0.00044995329478526874,0.0001473981514012841,7.451896041735249e-05,0.0008280304457648366,0.00016169854874766474,3.0443904677892258e-05,0.00031078255076131726,0.00036051383774193287,0.0002934498150262185,0.0007596188142109999,0.0001509870364806195,2.0196833323773238e-05,0.0018781751420802776,0.00040429742017611593,0.0004411095658352608,0.0003037473062694403,2.8213241392087484e-05,0.0001245762967205097,0.00040438651378610834,0.0004084575018511697,4.8989587652824014e-05,0.001008390769589127,0.0001355792584740922,0.00011552203795275615,0.0024399125059703843,0.00023945879309870724,0.0004654674113111526,0.0002613174750408243,0.00023703460378089153,7.395109539250514e-05,1.7701717085678938e-05,0.002513916498777886,0.00016413032378478735,0.0011016563560152103,0.0014157418739803038,0.0002776847372271797,0.0006601603651153611,5.6656149974540566e-05,8.98964856031695e-05,0.00032017652247220025,0.00031844093435364726,0.00027270050619522854,0.0002669758194545275,0.0008749712869124591,0.0009635533881977754,0.00028622027863361575,0.0015888999379557141,0.00034784328869836786,0.0006022014200204822,0.0009246053785180292,0.00022298544306649168,0.0008191839602963877,0.0006045496140903609,0.0002508986700159642,0.0001442009650910316,7.158487181367886e-05,0.00020577136283271252,9.952102113349449e-05,0.0001257861584511054,0.0005994321598951765,0.0005565249388191813,0.00011075415937987853,0.00018555149337354384,2.6479981111171033e-05,7.119215961172086e-05,8.022184502954844e-05,0.00047699504062913837,0.00019225352405715396,0.00011381232464481712,8.800368642683771e-05,0.00012043055998222414,0.0003307741479579786,0.00023724764803843064,0.00040998012492254264,0.0001983561894828538,0.00018312294580440889,0.000348702563575124,0.00108310456568659,0.0003157067374202518,0.00016348861551057138,0.00010021713956435452,0.001571927721109813,0.0002021598732610493,3.795224829219633e-05]"
retail_inventory,Retail inventory,cvar,100,1.0,14,1021,355.4380693853895,338.6667957879241,4.718479825885183,0.10998626299689483,0.8549985369111306,0.01882789315037448,"[0.0007451146393972506,0.0009239322364665005,0.00010442834827544342,0.0002281627264440684,0.0002047099684104192,0.0001261231714748214,9.881162451744573e-05,3.600268808708521e-05,4.98902158295925e-05,0.0002892523162561394,0.0003668101520058916,0.0002527500318475531,2.74889566914836e-05,0.00019745306741656045,0.00018503130586650337,0.00013132670448726775,0.0004198008002542831,0.00010722451990534911,0.00010120961184687087,0.00012563300524605817,0.0006767193464404141,0.00015507556978509241,0.0009948848909419313,8.774993826830152e-05,0.00016105681002188816,0.0016060311389677116,0.00027015942717376404,0.00024106423625497596,0.00013651396089588502,0.00017165799632137455,0.00011783735902344371,0.0007290791851290996,0.00018512782282604516,2.7997757061374615e-05,0.00022346207306973292,0.0030094847305558873,0.0002161178862439262,0.0007907041393024807,0.002329502482108161,0.0012635098609022157,0.0001602456662968303,0.00023490727741975987,0.000789355980529468,0.00017107187465755975,0.00010434667901214263,0.0002720485396167767,0.0006348449032820908,0.00011358324279937113,0.000546614462899997,0.00023216499883135338,0.00223375308218332,0.00011332104447692665,0.001279774594388602,3.552632690001376e-05,0.0008005268419228645,0.0005709660191728311,3.2397737312751043e-05,0.0003605523339694467,6.027532332530581e-05,0.00039622855169515304,0.0001280816954907581,0.0015028363399528187,0.0006374793927007735,9.125623183858519e-05,0.0008912127411092177,0.0001918077500927992,0.0009991547882943863,0.0008641780934065708,7.05246800297588e-05,0.0002985511071298273,0.00030741298495311854,0.00024809114753258997,8.950173425009686e-05,0.00014877151698421451,0.0008326704139126866,7.963183790892933e-05,0.00021455394912986891,0.0006134568167607866,0.00025737696242982537,0.0008592193660838127,0.0004038516525624449,0.00016233603764620713,0.0007561386020075387,0.00026503843349273535,0.00037394832828814036,3.0382928884419152e-05,0.00014375665071822042,3.684874569860577e-05,4.0553466498554266e-05,0.0005097119396363695,0.00019899626462904129,0.00012183078233630914,0.0001826639224003476,0.0001977261878060104,0.00045226619772597464,0.0003843031660478331,1.6356783494247105e-05,0.005499313149844741,0.00042286050797578676,0.0032179485196021946]"
retail_inventory,Retail inventory,cvar,100,1.0,15,1022,355.4380693853895,344.85857828285754,2.9764653856087024,0.05296323728629552,0.908330296776399,0.018802972735913526,"[0.0005172917877017859,0.00020292211252706616,5.187039389442122e-05,0.00018784355902873187,0.0002152889664327088,0.0008128326016130085,6.2973480282518e-05,0.00043071255860385683,0.00010776995165720197,0.0017501667521098213,0.0006493094694918786,0.00012158057017081055,0.0013517903256236436,0.00014330895941858595,0.0006772674388182844,0.00010361141521335408,0.0009856751943403917,0.00043810638397873326,6.089741373982673e-05,0.0006295552116416378,0.00022028579204233127,0.0006767888045927391,0.00033131138686313033,0.0002239846397844936,0.0003985946224977228,0.00015737565155773871,0.0012575929193032697,6.979505775503077e-05,0.0004197721337792551,0.0007905946572249671,0.0001399000916283339,0.0023710162014641606,0.00045025026040086024,0.000147349853554081,0.00018706839321596,0.0007629702734301275,0.0014426323353833957,0.00021136515237633798,0.00039624569000734026,0.0001556181001554553,0.000810236977128771,7.096792106107841e-05,0.0003725134776151214,0.0026481618643147764,0.00031314492075270147,0.0011123045021693481,0.00033778434612799756,0.0006115905383470886,0.000242649810130674,0.00012134582671852506,0.00024839105393059695,0.0004985879476296954,0.00047659868856681447,9.898844508182209e-05,0.0002706700661041032,4.1912120815738735e-05,0.0001777184670314091,0.00032214603554138574,3.450196416240203e-05,0.0002815043602818923,0.00013228718095691683,0.00020502899484736427,0.00039258055437349656,0.00023034015610944703,0.00029375338938238983,0.0002604536346420424,0.00015228648535504542,0.00018734773789324318,0.0009693962052410124,0.00011106447997085887,0.001770967588834249,0.0003881747260615905,0.0004084138508271691,0.0018149159592975382,0.0006615531705852397,0.00045988736162650866,0.0004618163715494916,0.00016159841488843502,0.000675385019904461,0.0004736002476616635,0.0008007313513858808,0.0004906382349231575,4.5135873999587046e-05,0.0008584818964903027,8.534551165328135e-05,0.00018019932125199278,8.264298946419093e-05,0.0004058683864850087,0.000456236333194105,0.0012606155545453151,0.0003063301338793856,0.00015223360983095957,0.0005822737907737423,0.00024693184376373416,0.00022692065191131863,0.00033840454134340467,0.002603905981246197,0.00022135216007767067,0.00011999349050501573,0.000921900916450652]"
retail_inventory,Retail inventory,cvar,100,1.0,16,1023,355.4380693853894,340.26761588065494,4.268100355982305,0.0991694969183772,0.8680719855915187,0.01882254510433238,"[0.004163665841417804,0.0024908484017246058,0.00031421286296877166,0.00016614644981951773,3.995180748140082e-05,0.0002698404583677657,9.63807981628426e-05,0.0006820915848444727,0.00011318187326863302,0.00023924951008642248,0.0015428560574865411,0.00019601364986290194,0.000713862539199635,8.970776408429773e-05,0.000300393791443761,4.685448349533183e-05,9.302325331885387e-05,0.000497303483344959,5.492450640412811e-05,7.780290987508711e-05,0.0003645587336716627,0.00046499467365740984,0.00044920509501875924,0.00011002926202174028,0.00018000993737155512,0.0006363577027910403,0.0006326372462207552,0.0015895650896730843,0.0002158111492081056,0.0002329346852869853,0.0002533528266914485,0.00495847484591886,0.00012125152547782576,0.0009647801903344052,0.0002591620888527853,9.770126603923747e-05,0.00044524062153537694,0.0011221972077546521,0.0010828381061141975,0.0003471095772657297,0.0002553350124875873,0.0001967340378171993,0.00020237380778571527,0.00011048225473549958,0.0002453767725886324,0.0004398286283618134,0.0002482657238389194,0.0001092884753984477,0.0005523610269680994,0.0010176849277113555,0.0002946412095083433,0.00015816731047169367,0.0003326422651032928,0.00020372304234101462,0.0002774943839574029,0.0003524199087154329,0.00013850914073638184,0.00025179815167005473,0.00013913950261979847,0.0001512632859188702,0.0007494262226056653,0.00038918737223863476,0.000506870628065347,9.403790212899287e-05,0.0003573951565709069,0.00011564926099075828,7.860704017025798e-05,0.00011335832221311156,0.0012513977011594287,0.00016383895532023318,0.0010921235221276163,0.0002890359873582633,0.00030606545889247437,0.00013457105284151027,0.0008467683357691858,0.0017527799151124495,8.014295638753466e-05,5.3811826801599445e-05,0.0002843695772097037,0.00022239123417091205,0.0005579255674511474,0.0003669605639746918,6.0332188927152003e-05,0.00022354787750556845,0.0008176943768783204,6.33876811780989e-05,0.00020789653321168116,0.00027947359860670194,0.001590165281739705,0.0001383000086955275,3.202394729819829e-05,0.0009785810461393914,0.0012102683175438174,8.486447717283103e-05,6.842420703407364e-05,8.126976118972189e-05,0.00018725636719527393,0.00033174869705366396,0.0005964274275709854,0.0008475709191999562]"
retail_inventory,Retail inventory,cvar,100,1.0,17,1024,355.4380693853894,339.10432168731967,4.59538499247237,0.10085573861720232,0.8581510975682956,0.018827219389749742,"[0.000236533708035557,0.00020770457142774455,0.0015817164987067314,0.00036589931286411096,0.0007996985925667921,0.0010955328574854537,0.00032956576492728344,0.0001033937346937667,0.00028920319403813634,0.00024527372787119513,9.216006248256208e-05,0.0002088967731847038,0.0007521986716843858,0.000709136083693898,0.0005787752917247855,0.000310007584849663,0.00039704652539027465,0.005042786930860118,0.0008516686987259978,4.9954321704253585e-05,0.0002068197083234256,3.894755158241937e-05,0.0002338715306964204,0.0007687265088643974,0.00037849105061480174,8.980899652052366e-05,0.0003884283235616263,0.0001017945096111016,0.0011959791996893302,0.0003325124615562928,0.0019372967940358983,0.0007028552440395635,0.0009306539235824275,0.00030803237551137267,0.00015582665607131267,7.10537125054926e-05,0.0007748068473139615,3.756423296730922e-05,0.003140923358237032,0.00037203500221195636,0.0009628813112189399,0.0003041436959942745,0.000529870316984508,0.00027622060315800817,5.355795954510529e-05,5.835307941909691e-05,0.004304699385078841,7.707006664474996e-05,0.00032351472256327734,0.00018453085027330055,0.0005245365246971331,3.9152578072923447e-05,0.0006920304336769786,0.00010514547849922415,0.0010957039888069343,9.829511304387711e-05,0.0001344261821126911,7.893500052390473e-05,0.000102252301029385,8.100371054316028e-05,5.7181964611078e-05,6.100781375087225e-05,0.00010259106615669214,0.00036645325277969625,7.233076427069398e-05,9.467623135062237e-05,0.00022942396494903867,0.0003330808767331456,0.00021314320873565786,0.0005455812798962555,8.070414266099886e-05,6.974003737411184e-05,0.00015332668060471277,0.00018574474313466467,6.536204032164521e-05,0.0002584146299436515,0.0018243233056478064,0.0006159213284051187,0.0005366384270873529,0.0003491432053132085,0.00016153895179583835,0.00015541301233267625,0.0002761196580016606,0.0003825137019666544,0.0018031373580562051,0.00018144645967935576,0.00021973141964474316,0.0006294503826808746,0.0005208643291223564,0.00011983947171455037,0.00020201017139118147,0.00024261227767903397,0.00020005043835226772,0.00021478224429047343,0.00017757645331787242,0.00018188115044846662,0.0007684282561916171,0.00016538298090419099,8.715910103589694e-05,0.0006553690213666819]"
retail_inventory,Retail inventory,cvar,100,1.0,18,1025,355.43806938538944,342.4575409122375,3.651980356408471,0.05280580314315488,0.888493939040006,0.01881053663547348,"[0.00027665750642773387,0.0005555894099432519,8.800153026031011e-05,0.0015894757983054384,0.00031601705787444794,0.0003297431583427692,7.309011740291346e-05,0.00033288412093090465,0.00028002831058413397,0.00018761411566681785,0.00011238818542543619,0.0014184527207289372,0.0022647033366665617,3.774988286511716e-05,0.000667651865167339,0.00034017462981123555,0.0016058034608702186,0.00023518225308401177,0.0006701611335088777,0.0003566503877694411,7.169205060697203e-05,0.00017484789663171977,0.0007552937770281824,4.744769189044717e-05,5.307023707738033e-05,0.00010992250932986495,0.00022462837568487415,0.0005766983426167582,3.913952587495918e-05,0.00047134671883547556,0.00022000148145761195,0.0005509271775841484,0.00017798811677996462,0.0022532974861509208,0.00011729279367573002,0.0005017292165894629,0.00015081127420236865,0.0004466654295011125,0.00011259265137061573,0.00031134136281720746,0.0011329232451373576,0.002626349335850849,3.284577683613777e-05,0.0011659904195733643,0.00025810926649102377,0.0010138209580948523,0.0005808914581716388,0.00035420364395592546,0.0006555468003384473,0.00030060752070326923,0.00010788012035679093,0.00023088025994903982,0.0007845923917753488,6.868085444877816e-05,0.00026033992388194236,0.00014741697776847037,0.00012187991586744454,0.00040576635318406723,3.37837071311084e-05,0.0005030968528580776,0.0008139583425300135,0.00011826993278814024,0.0004163082604747049,4.0937577979081646e-05,0.00035353844886059954,0.0003720343576371413,0.00034842230383572766,4.390080747162092e-05,6.863874249655884e-05,0.0005419223925060662,0.00045948509696099694,5.954773074013159e-05,0.0003388642902234316,0.0001834897766459567,0.0003055965115026086,0.00012082680949558249,0.0002837237936020296,9.53568372527603e-05,0.00011523247997357232,6.342310368023897e-05,0.001572204269163399,0.001505573633860671,0.00011085592829286077,0.00027664234996156365,0.00015586036166975538,5.379276021748565e-05,0.00023367368688351577,0.0013056584225811364,8.826180565930294e-05,0.00019350671917302183,0.0007220867498010815,0.00036550291807674833,0.00031090190315138043,0.0005815510716862205,0.0026402901571577447,4.4365681510701625e-05,0.00048587295597781854,0.0009069955048205734,0.0011634261950044782,0.0022491404489779748]"
retail_inventory,Retail inventory,cvar,100,1.0,19,1026,355.43806938538944,340.13451990919884,4.305545971103472,0.08744080616800762,0.8679648309557957,0.018820891958679094,"[0.00022127992458929443,0.001458332121850877,0.0005513701685420974,0.00028746765459151605,0.001237757975084071,6.206019681243332e-05,0.00015711238489314188,9.311104649059368e-05,0.00031700945473692063,0.0002686336979154623,0.00022033241345731158,4.492922959221042e-05,0.0029880615498196253,0.0025181443786226293,0.000400501592945895,0.00021705356607947278,0.00017447567787703093,0.0003008126386121383,0.0006796790574170129,0.00011686200602269739,0.0006332694729913722,0.00010172488691405258,0.0003298074932978122,0.0010755488096927948,0.00031973893232847074,0.000999118834507502,7.939364921618766e-05,0.00018324552275205148,0.00028927111361080454,0.0005930326348130786,0.00013291702245582998,0.00018499877467488383,0.004372040308400381,0.0005979160624244068,0.0004855669658980684,0.0003295067692636668,0.0002087532881693051,7.648637233254918e-05,0.00013905518254996255,0.0015160665768469842,0.0005676017702033903,0.0006398485832677848,0.0001710191594749598,0.00021810844588682636,0.0001936373588160781,5.86229461485233e-05,0.0028353242706896232,0.0003603987924220076,4.885591444582761e-05,0.0004506555036062264,0.0001783489658059625,3.813279740988577e-05,0.0011366893096314745,0.0008352012595137986,0.0002502461675074495,0.0018527365193607797,6.870235422163051e-05,7.073710773137312e-05,0.00011799251253724739,0.00011109828022252746,0.00035125087362643915,0.0016403995673761104,0.00013555143270050583,0.0008961390485966292,7.977982118793992e-05,6.711048233658742e-05,0.00012611731874651345,0.00010147279706091879,0.001509064976527737,0.0011006890015509896,0.0003418775859140848,0.00032990013255881917,5.620197144628765e-05,0.00012756676591680572,7.648967502840566e-05,0.00032222601674711563,9.728867682787954e-05,0.000655284904517685,0.00013062943564427236,7.637670827066974e-05,0.0006214736026531818,0.00018779353419982962,4.9927441165751444e-05,0.00012102099575451379,9.183249509204903e-05,6.314567488103709e-05,0.0003022906580716217,0.00010687816779128782,0.0008908090588833976,0.0008592966177505681,0.00031476275483564327,0.00045676742301270517,0.00020285859805010986,0.0007984217290935865,0.0005179794448324895,0.00036315539230137833,9.678326787468635e-05,0.0002767666200776741,0.00019093757442916295,9.927832867095748e-05]"
retail_inventory,Retail inventory,cvar,100,1.0,20,1027,355.43806938538944,339.2561299829094,4.5526747966140135,0.1280908653270287,0.8588072352629318,0.018828226774592623,"[0.0003406549786888039,0.000246499326011717,5.2825875783081475e-05,0.0004112631066060994,0.0009202620321847707,0.0008927752386487213,0.0003136792508207138,6.278926196128742e-05,0.00024344716987180137,0.0008210489572509848,0.00047096273294475877,0.00043377107272749216,0.00012025000421052355,0.00027354566028191664,0.00018131332082160488,9.289727936417767e-05,0.00027079229190356735,1.8300078142072275e-05,0.0001239296040400793,0.0003573178229139271,0.00048351601728747014,0.00014525012441287476,9.511319174898074e-05,0.0009868039800643973,0.0014652898218468061,8.788645182666983e-05,3.632190108973245e-05,6.6643106470415e-05,0.0004536808456478773,0.00034365990479174745,0.00017982272442034505,0.0001038917301878069,0.00014515713187656412,9.339663894196719e-05,4.039326796334851e-05,0.0007081996807844127,0.00030686835009098904,0.00014244398362204142,0.0004409542582924284,0.006404543266351435,0.00043192802640689744,0.00035005574199309413,0.00020404805552399927,0.0003965836593404349,9.26564758613879e-05,0.00026603563313817326,0.0005172130378124783,4.482823881844465e-05,0.00032240131758971434,0.0007138328081552388,0.00019185203828238722,0.00010938515436917117,0.00029016587406478236,0.00028256865624585044,0.0003002615217639082,0.0008758558748260133,0.0013570663737107148,2.1290462806469873e-05,0.0007952587805476818,0.00020152642958301615,0.00018138238286194344,0.000584111024525654,0.00011880470894859682,4.817476112112323e-05,5.08681765649095e-05,0.0007786231097971664,0.0015761153873001226,0.0003788243227479504,1.848275710124336e-05,0.0001582360786808529,0.00035744314956199954,0.00031288626613360757,0.0005756987203766182,6.514127894483867e-05,0.00028045644880473236,0.0002513011059288107,8.181197870801412e-05,0.00011662779762428577,0.0023274884537777315,0.0003794643967697433,0.00016210644716145703,0.0012771999302385714,9.704978911106161e-05,0.0002892837252144381,0.000580892743077326,0.00021360891204831844,0.00012066903591580179,0.0013378943086887844,0.0002465390123234777,0.0003948004372513468,0.00037688756344341634,0.0015441796683503184,0.0005083267377327629,0.0001907711001435861,0.0009482725406909088,0.00012752054411133777,0.003841921171915188,0.0013518438418360637,0.0001539348124955268,0.00045137976823409707]"
retail_inventory,Retail inventory,cvar,100,1.0,21,1028,355.4380693853894,338.58078665362973,4.7426778906684515,0.14011888002940773,0.8524870938072981,0.01883221644489725,"[0.000413421777566222,0.00035386910410327796,6.659914483909795e-05,0.0003503396046566338,0.0002706355409138459,0.003659027283134864,0.0022510375144141927,0.00021726328198592052,0.0007799634199083358,0.0015813529775480764,5.711095428540411e-05,0.0002812858359482546,0.00044388521981989,7.586873951670329e-05,0.0003579604288002068,0.00021400555350724196,0.0001303840860357679,0.001043055012047773,0.0006107596165638369,0.00013685315680116034,0.000328930791094173,0.0003131579891626792,0.0020604106395640523,0.0001538888665278675,0.0007716319548012219,5.54632324750783e-05,0.00011615506130889472,0.0006094222632788481,0.00015802821527018395,0.0016447131956543622,0.0007872301199018138,0.000960699875848343,0.00048629392987862153,0.0001891298485186795,0.00016894972512762976,0.0007052010227724332,0.00017263431367343124,0.00014248615457215278,0.00023243606123256883,0.00019765528944495529,0.00028480247564191454,9.666988257637833e-05,4.618425107838157e-05,0.00017285403315998876,0.0003157193112847665,2.896681012494801e-05,0.00019537032903888156,0.00012995198308175825,4.2584793112733865e-05,0.0003397532103670802,0.0001575336474752396,0.00026753146800231,0.0003222382873450535,0.00015012830150881078,0.00023563685814548808,9.393316912739665e-05,0.0004987950539906433,0.000191762366245701,0.0002522846957169975,5.5891992888620934e-05,7.953876731790108e-05,0.0005899017475393294,0.0001077979091063238,0.0006014958401406142,0.000376039078964126,0.00010055070511146084,2.3474677371670266e-05,0.00021900436067085648,8.590656499237987e-05,3.3517914656513883e-05,0.001259377023885513,0.0005279143997101572,0.00024589962661009167,5.605594004392003e-05,0.00021542555981873048,0.00023159800577908133,0.00011588795985918004,0.00016802373416723956,0.0005342836113401733,0.0005496036059111096,0.0004699537495567916,0.0002136432653817626,0.0003809582591234032,0.0001683215826678026,0.0007317020257457386,0.0002737790874834088,9.51091940461389e-05,0.0005762705708147282,5.388450383108841e-05,0.0003801268487853213,8.088166092800979e-05,0.007005944001470386,0.0003191629988796872,0.00037504381679805593,0.0005917754605172938,0.0008309737530561956,0.0006874585901258242,0.00026862983606758766,0.0016083662496383815,0.001338927789668236]"
retail_inventory,Retail inventory,cvar,100,1.0,22,1029,355.4380693853894,340.64723662223435,4.161296731307035,0.09537630418850428,0.8714775424738798,0.01882069766299688,"[0.0006630439828790155,0.00029684220051805384,0.001518058099920643,0.0011573955696354986,0.0002615887655246124,0.001526511142394385,0.00012327093204809992,9.692307195674946e-05,0.0004575443875266552,0.0001437403255760625,0.00025489804125397624,0.0001728024567709582,0.001591425721277037,0.00018817416602410879,0.000624371010297383,0.00032104170177214424,6.483252065553644e-05,0.00020377608528341734,0.000769104044039519,0.00014376096168039725,0.0002690564672652874,0.00017952335563155422,0.0006274050794647379,0.00020039536421824939,1.7868326396172455e-05,0.00015569159427457536,0.0007482714022250354,0.00012680895337843128,0.0001892389607744916,0.00021037367080164248,0.0038776526834133646,0.00032203850459139826,0.0005545157463927158,0.00017957802809217367,0.00047792398407702,0.00027291563253166885,0.00020526538215884745,0.0002712901071848486,0.0002303849797761583,9.27689046620507e-05,0.000625180491104664,0.000380009329957848,0.0006304989219824998,0.00039723353317850106,0.00010113240144368947,8.560453371437971e-05,0.00013281176542357458,7.492678043721195e-05,0.00015840457185015432,0.004768815209425214,0.00029917889817068213,0.0007337585269707882,6.809832288785007e-05,0.0009978059698701727,0.0005446705568432549,0.0001719094629410757,0.0004664844028024968,0.00010531495089346839,0.0003474251281835527,0.00021763454282880417,6.774132026207965e-05,0.0003937752078421931,0.0021732312915975875,3.308023421243518e-05,4.6111013882270394e-05,0.0002569001480415287,0.0010115550257250039,0.00063895782089024,0.0024934557691611826,8.241868618416368e-05,0.0006197778390818207,9.727274180486374e-05,3.9295944769239135e-05,0.0004195651097178524,0.000295176914938198,0.0002666716366973656,0.000810623010787758,9.159210197226619e-05,0.00036600693809549873,3.4443218381503685e-05,0.00035699947761057516,6.118191062286089e-05,0.00017438773425629278,0.0002444947227294974,0.00047185353027133357,0.00014041404935552143,0.0001625538776806654,0.0015922971460562859,0.001082523912134643,0.0004391690164747425,0.0004607103033588405,0.00116733010511689,0.00017514864067790566,0.0005453765113355562,0.0001233337342495922,6.786001653040999e-05,0.0005730575619378763,9.952505899437993e-05,0.00015507071130064479,0.0005740893900058782]"
retail_inventory,Retail inventory,cvar,100,1.0,23,1030,355.43806938538944,343.1067990346529,3.4693161517727447,0.064696048350593,0.8937942684089109,0.018808599252795558,"[3.79051400424251e-05,0.0008501251868270573,0.0010398813569380766,0.0002774650880819687,0.0003179206424349242,0.0032348024175296508,0.00038551655918229224,0.0008272030480857263,0.00043455999804246226,0.00019671769234317935,0.0003352143403348848,8.043131820991052e-05,0.0003912241444887536,0.0004495501019306172,0.00011584105352553675,0.00013990260589428333,0.0023678227865936525,0.00023136560941537624,0.0013277338163554507,0.00026327730630490296,0.00211869436680367,0.001686344192296443,1.3235455720392171e-05,0.0015129832993554574,0.00017350943593341612,0.00046400168558894837,0.0002057773038747634,0.0002509309943575167,0.00018891750720792074,3.526304981362581e-05,0.00013483657796681633,0.00026571069843151613,0.0011489918255259061,0.0005293763886890615,0.001370672115442745,0.00012740106037586183,0.0003491609408159123,0.0003088792897590882,6.800799948612391e-05,0.0005551895117823818,0.00022864992712315663,0.0008875817189602259,0.0005148854983273927,0.00011411541249038771,0.00014492850967003494,9.941621346882942e-05,0.0004798226551745488,0.000813382711045371,7.425278378789001e-05,0.0001884819236755283,9.922023073442176e-05,0.0008363358515686588,0.00034185577775106013,0.0003110058959297868,0.00011427921497888254,0.0003890978490174567,0.0008513799965490027,6.912305854428802e-05,0.0011679985135756405,0.0011043562541467713,0.0011470087231791517,0.0001825645281233672,9.943340401894739e-05,7.705915751518242e-05,0.0006269912764536554,0.0007715034703890168,0.0006549565918829465,0.0004147646974598192,0.00012502697486332874,0.00038278299303269413,0.0003691188154240629,0.0003663557353111198,0.0001133909699983177,0.00011474158264568149,0.00030127563401339874,0.0001933922155454549,0.00011704967501492087,9.994299263287776e-05,0.0006600762986736995,0.0009420549818944036,0.00038991006195066973,0.000178287127101271,4.012326534943125e-05,0.001005227971393003,4.527080650386548e-05,0.0022640214558006444,4.24896709987748e-05,0.00014200878456695697,0.00037858114759826403,0.00038519701836904066,0.0002188113120739791,0.0002809865497555803,0.0001685824238449886,0.0018443349540982548,1.7517294324062472e-05,0.00011501328595747807,0.00023291299193950354,0.0002993929399389746,0.00015995055092283354,0.0003893757611323493]"
retail_inventory,Retail inventory,cvar,100,1.0,24,1031,355.4380693853893,343.5157796953254,3.3542523204336265,0.05954035351341266,0.8974284319718681,0.018806805903822915,"[0.0001341745862605764,0.000610445216490268,0.0007597416187309974,0.0008505715814839534,0.00032198879865556626,6.945935042432969e-05,0.002977017675670633,0.00022587571932049507,0.0012661721135803035,0.00023942697423719143,4.8898926816660993e-05,9.907198411212239e-05,0.00010716104540427809,9.028125634374536e-05,0.0012363423927522822,0.0002465553949100093,0.0009333004880602382,0.001799972772285729,0.0006497311312626893,0.0003669411648959582,1.4115168892010525e-05,0.00018709608174939714,0.0004047487600841758,0.002104513224139067,0.0002719925468510116,0.0001707961582224758,0.00036042192775675476,0.0003835542358149545,0.00030497671905955597,3.4570586178749314e-05,0.0007425488066633802,2.977543590072318e-05,0.0003124479548886248,0.0004248966706972327,0.00018356255744909935,0.0017945937311563756,0.0005286412551554396,0.00044334381768230984,0.0003009664644266647,0.0013633340063946501,2.9350692672189167e-05,0.00022487432664829017,5.809957852769838e-05,0.0004194418263707009,0.00012337952625065732,0.0001386860981100211,0.00017845825268366324,0.00017890439660715165,0.00013936060474593884,0.00038132658367700595,0.001069162162690346,0.00014666079409206035,0.00025254425285644444,3.632218910965923e-05,0.0011739280686422818,0.0004937596899349342,0.00028618538753980396,0.00017919178014840122,0.0002762867822221184,0.0001737334636022168,0.00021320700576707161,0.00010173445140720712,0.00014004600646796332,9.322929824127996e-05,6.69422717155562e-05,0.0001586925324954971,0.0012839192985324966,0.000811124534494962,0.00041633548437763196,9.602101864236872e-05,0.00028986108479544175,0.00020457370531150386,0.0006386648462445979,2.8737176175683474e-05,0.00012824162358134769,0.00028372390704818634,0.0024039536711704507,0.0017492040022262887,0.0001414207579598246,0.0002956471550608565,0.0011069464658251566,0.00010480005865179531,0.0011194419130366063,0.0001262025875043412,0.00035109366918312647,0.0012150374745563285,0.0006287710965843554,0.0005269663089486167,0.0001416216400544174,0.000372003259989383,0.000323839735443117,0.00029009604322752236,0.0006900013801781701,0.00040467871608329797,0.0012021482875771412,0.0011501319999321251,0.0007712389521580844,0.00014708285329631876,0.0002953475548885289,0.00013358741317309096]"
retail_inventory,Retail inventory,cvar,100,1.0,25,1032,355.43806938538944,343.4727736359076,3.366351772665157,0.056428317655586716,0.8971887783143919,0.018806873030145152,"[0.0005848456675188136,0.0008801925244107415,2.4638993080394313e-05,0.0007289231584500708,0.0007079632518568034,0.000443918872934192,0.0003488884804782656,0.00018070816479785686,2.9453432361399373e-05,8.2321089419723e-05,0.0009813105593002162,0.00046343367400463115,0.00018057237822903413,0.0001756553486685994,0.00043929976147576285,0.00039267510624343965,0.0016073469979825767,2.836896999179863e-05,0.0026552710345971843,0.0001763204033963568,0.000636271666960995,2.4628451784070128e-05,2.0064170042199396e-05,5.862967844768948e-05,0.00033069626328543697,5.90330724473675e-05,0.0004623687587053171,0.00029757215548699396,0.00037987398754799084,0.00010031924373580029,0.0005211744704563697,9.223344325721144e-05,0.0006479729658528886,0.0007889465489194423,0.0028214158827793365,0.0013058818728000608,0.0003311427915543954,0.000517991307627014,0.0004595742322888253,0.0019406221842781291,0.0005806833121047422,1.101702160429283e-05,0.00047843886379344105,0.0006766043685647371,3.8710025627748974e-05,0.00024662098918812114,0.0004924280616261747,0.00039902990540461545,0.0002896547049616798,0.0005251682538637224,0.0013492267015924977,0.0001594907560380166,0.00037386748137446324,0.0002612165291251212,0.0005513224503714249,0.00020805073399472846,0.0005871905641652294,0.00011646887025690419,0.0008083055530886145,0.000134810651526004,7.40058819321429e-05,0.0012556213080608752,0.002805628880957558,0.00032930750932269007,3.0265969892214708e-05,0.00020224493247372933,0.00016230903370689748,7.950780026276172e-05,0.00033647902178174306,0.0012318324718175017,0.00035666717970025497,0.0004371199673319927,0.0005484828398501857,0.0005355641109642208,8.637340247557084e-05,0.0005158027104449198,0.00033190109298185145,0.0003141026800101301,7.97148767895712e-05,0.000740831601858932,0.0016578315232511887,9.827050871708876e-05,0.0007378705476928221,0.0006266419112615342,8.753980933489082e-05,0.0010468223367997916,0.0009616058309119108,0.0009666825315282721,4.4394786172648956e-05,0.00048690108130407115,0.00020545687157391652,0.0001031613683995148,0.00015917745378479372,8.446598397364941e-05,2.2870880295019112e-05,0.00012046348923802516,0.0003951541154104734,0.0002870382198907375,0.00021204241171045437,4.50182504057816e-05]"
retail_inventory,Retail inventory,cvar,100,1.0,26,1033,355.4380693853894,338.37801130505363,4.79972730828619,0.13545629761798003,0.8507152956046298,0.018833108993455222,"[0.00031805975110702606,4.712737346227992e-05,0.0009610433221261511,0.0012318764157035031,4.722146178951854e-05,0.0009756477338427253,9.306012822648936e-05,0.00033727914968980705,0.00022662299110056246,0.0018971351682575102,0.000381222904624244,0.0005609315650653598,0.0003083057497731379,0.00045286827333499303,0.00010648079062587607,0.00032259397743597865,0.0005238882263278062,0.00016527506440201865,0.0003197126850976691,0.00016406749448857468,0.0008622569024529771,0.00032557394825801183,0.00013702654977026135,7.910274721864788e-05,2.9546795424512973e-05,8.806835990849763e-05,0.00021586761660004203,0.00022927490622358404,0.0004118516374013919,0.00011585337659230617,0.0007222217138411848,0.00022391770080899348,0.00022519285807093688,0.0004213482030805415,0.00019326857361521736,0.00011837329353831071,0.00041533526879155907,0.0001815601313809333,0.00031848708669226264,0.0003728606267137406,0.0001550984502129699,3.456584539116013e-05,0.00043262262383438147,0.00023711353823130876,0.0003812063214473006,0.00019927573744285985,0.00037040767134229616,0.0009222401689308672,0.00035999006554285286,0.006772814880899001,0.00033556594083403065,0.001974134374369796,0.00012837220736835377,0.0004314209938934603,0.0006366385931645697,3.843672990798853e-05,0.0004237774908452206,0.00023097584344490085,0.0002491673556361245,0.0014663745725376277,4.709826139093716e-05,0.0007186905039427587,0.00017362863317505736,0.0007240274708003975,0.002107555774414102,0.0008160155209073611,6.197738986506709e-05,0.0002213494866074794,0.00040282035233216954,0.004354566418366454,0.00041999546519479717,0.0008261366666750031,2.7338215630007432e-05,0.0001237018459951092,0.00010777084403697107,0.0001771768442421745,0.0002847060450914547,4.300339824377803e-05,0.000307017027388483,4.4195109983696636e-05,0.00019059797289056675,0.00016238992052342472,0.0007214362676162977,0.0015553528238528894,0.00010134420014560092,0.0001978565914788491,5.1243211310267594e-05,0.0001752311267901253,9.035484081438055e-05,0.0003357036326807237,0.00013935214043335657,0.0003183150299867599,0.0002014919551782307,0.0001741569347528062,0.0001555455012671421,0.00015454577005843872,0.0007417979743712408,0.0007758568010226596,0.0007918962168825565,6.915188551821015e-05]"
retail_inventory,Retail inventory,cvar,100,1.0,27,1034,355.43806938538944,340.32521174721296,4.251896164164148,0.08141688114214277,0.8688387910518137,0.018821554241680385,"[0.00011295364504991436,0.0002837512442509825,0.001822738821654038,0.0005879633044830675,0.0005629042561187103,0.00010894319101809268,0.0001796378302883583,0.00028699389345220055,0.0006721606441426276,9.859669074904172e-05,0.00023040638492114558,5.469798318989961e-05,0.0006337734357725807,0.0003666309746611214,0.0004842185025527098,0.000226964296829792,0.0028396068861307046,0.0011471697751206276,0.00035970902690128355,0.0007829177412275179,0.0013247091055251137,0.00010941112850802808,2.4882093806008046e-05,0.0003408080823625266,0.00010171594541706611,0.0001289520585387631,0.00014557021861536716,7.95789038991168e-05,0.00039275695658663707,0.00033702011104788876,0.0022780062129687966,0.00041278291085928117,0.0008992368124334549,0.000375229065470084,0.00015016399172696927,0.0002747739867819038,0.0002216093244133513,9.327233204086415e-05,0.0006058800755353683,0.00043835755906671984,0.00010455658906375849,0.0002564907011737729,0.00030931265652821993,0.00020017850001265681,0.00040016402264635425,9.539804498371415e-05,0.0001985279373974902,0.0004904160196237017,0.0005510079039331359,0.00031540632757341263,0.00011242805986268088,0.0005019940443201718,0.00029258493602856496,0.00011346615511486387,0.003195891424248841,0.00022828168920911574,0.00019399075736557767,0.00015545198712173025,0.0001667986999203732,0.0006857599496348291,0.0003418483019659864,0.0009568738865260351,0.00015603557080111786,0.00026644323357093695,0.004070844057107139,0.0001768812420129815,0.00011195061574446912,0.00047134098857294404,0.0006795063177831638,0.00040873282101523066,0.002997553541976906,0.0024385024526942588,0.00048418719120736826,0.00017337284072943345,0.00020079832209470765,7.378315171871476e-05,0.00018158534102013602,0.00020489003063673203,0.0001562891643673386,0.00031148145550334344,0.0006660549579936473,0.00014157687903114234,0.00013072726983898882,1.1254968666071028e-05,0.0006070066302111623,6.388126154907196e-05,0.0001599342478016096,9.665107414522215e-05,0.0007201887571480873,0.00046521108804420093,0.0006240983285442481,0.0010851977781814375,7.262362310404277e-05,0.00021133016648261982,3.369145361128082e-05,0.00013726676469563167,6.314739730211515e-05,0.00011221164647549412,0.0002520042223695487,0.00033747914787475775]"
retail_inventory,Retail inventory,cvar,100,1.0,28,1035,355.4380693853893,337.2098474885047,5.128381979005292,0.1363557657694643,0.8415407903878817,0.01883631252761228,"[6.471394689647865e-05,0.0007111150107654248,0.0020985868547340183,0.00031130512860492744,0.000334401103803681,0.00029987763012086796,0.0019314343121875283,0.00024920565674433313,4.025056244327482e-05,0.0007096222203005805,0.0001006911830414336,0.0003436274201191919,0.0001673733959077828,0.00021658804506437907,0.00024316140743433563,8.76434025639112e-05,8.758405330790352e-05,0.0005227308028697296,5.333524141479039e-05,0.0003338886561594226,6.52696238668018e-05,0.0003709789441852357,0.00021634452396061533,4.1098838269888215e-05,0.0007975428713904013,0.0003792119316763932,0.00046670854601593194,0.00014808053236198512,3.396125872594966e-05,0.00018676724997848633,0.0009643041274582935,0.00020795520249218866,0.0004839069335743466,0.0005292334034882637,0.00047172845312593806,0.00014443467150486154,0.0014101612868032503,0.00021388993350696713,0.00038535426447723587,0.0003818964556653801,0.0004391780453926893,0.00018282370003719583,0.0002553334826831211,0.006817788288473216,0.00033841433859939965,7.716040851046035e-05,2.265030442585914e-05,0.00037308171164036864,0.0006160653880973451,0.00011796313626763609,9.410846222145396e-05,6.0537469286928667e-05,0.0029773194941531424,0.00026821868908299187,0.0004111645540092908,7.267583458634676e-05,2.8472105296273485e-05,0.00041700607680907086,0.00021890579173848812,0.0004979153747765833,0.0001857345449317727,0.0018867838827245113,9.201851029606819e-06,4.374606351192511e-05,2.696696980656149e-05,5.370720405289463e-05,0.0030000841416353632,0.00033181953688358323,0.00028370098616296505,0.0009764049381285257,0.0002143988041725409,0.00026524426269909315,0.00013934768794043103,0.0001547950295574701,0.0002400166182668143,0.0006645834451975561,0.00013463261889104104,0.0027848498813564933,0.0001953598263793775,0.0005154062541075461,0.0009521169307051657,7.179951886272748e-05,0.00014797453582792176,0.0005195956447973183,0.0006065290591558839,0.00018004286540584876,6.282817181578911e-05,4.515460978242921e-05,0.0002790158712656458,0.0005735355076540883,0.0002999977590632998,0.0005079531711699309,8.619816863023149e-05,0.0008632010491680761,0.0001554900618725749,0.00010377899426163267,0.0002821858925012754,0.0005847996008637829,0.0002241398382192221,0.00025413045844082196]"
retail_inventory,Retail inventory,cvar,100,1.0,29,1036,355.43806938538927,341.7438340788289,3.852776752428331,0.127636421493902,0.8799433275265617,0.018818585100365742,"[0.0006050468723148282,0.0017698728509125629,0.00012498471169713457,0.00039887497922805727,0.0004045900393916454,0.0005795408986883289,0.0007091088079185175,0.00028427302567565126,0.00020278198441740168,0.0004045192002918024,0.00015646966298857393,8.601600104036487e-05,0.0009190931425063596,0.0010039850071600315,0.00022069059248034322,8.182963863272523e-05,0.0009677972561353522,0.00013276831542854712,0.0005201128662182064,0.0001477367445877327,0.0001319300179543397,0.00045217338813618904,0.0005438648849665797,0.0002504230795339044,7.74076686256245e-05,7.29123980544133e-05,9.530130853416183e-05,2.55868785075168e-05,0.00035146877519861045,0.0004769826980453824,0.00048142542214195703,0.00025351869523999133,0.0018255402863031794,0.00023213473846318827,6.142923974014299e-05,0.00019473807454616312,0.0004337962373756087,0.001157096775445974,6.81515857133586e-05,0.001936047120514601,0.00045995101715716274,0.00027078575784617644,0.00016470845530759567,0.00013926623724625764,0.0005807825902501513,0.00043054661550648386,0.00015198548872897115,0.001366321831091248,4.158712573817127e-05,0.00027507851009743776,0.00011070273925638672,0.0003954975018931289,4.314259447280615e-05,0.0002215800050656775,0.00033034644289769765,0.00047036946473728446,0.000175540583123192,0.00021241493674121396,0.0008232309924684831,0.00018720914719945757,0.0005045695016301064,0.00015586968768530775,0.0005773828960553444,0.0001600772786213641,0.000521987902713804,0.0015994440138079663,0.00024107326968873094,0.00032918302819140676,0.0015439649050999252,0.0006089061428173405,6.769026063174174e-05,0.00020871674734389652,0.00013784019991243073,6.0406149487926104e-05,0.0010698325875627367,3.017629935923142e-05,0.00014982017304221773,0.0004145372936558827,0.00029520479419097815,0.0002917002303811595,0.0011457205641023272,0.000460163014840548,0.00023481806743305927,0.0009279521435600856,0.006381821074695102,0.0003240151347365493,0.00042440074167825615,0.00019556013757638142,0.000598276327283754,6.0008252821960624e-05,0.00010637197406259916,0.00012125046859356462,0.0012563287610795595,0.00011575600477310526,0.00013483083476141498,0.000465386005248187,0.0011274355043031168,0.0003387695112676909,0.00078563908385016,0.000134043123873059]"
portfolio_margins,Portfolio margins,cvar,80,1.0,0,2007,279.6049251692362,272.6410276696151,2.490620469366225,0.0769134765990417,0.9213899721955896,0.018813076441210476,"[0.000560631839445237,0.0012750119657312365,0.0010148165652789781,0.000748200467146146,0.0008256095155500477,0.00012887951288026586,0.0011432480075877914,0.0018128124887828675,0.00024781592671495713,0.00014768539106174608,0.0021656718522343925,0.00022467639437151238,0.00012209759979646203,0.00043254603114640123,0.000619816088095099,0.0007987700007138562,0.000258690455219056,0.00019568867414214902,0.001129127406926486,0.00021659835768473407,0.0011629383159323405,0.0007600476076056588,0.0005680523009245105,0.0015738839066281871,0.0005667206243135769,0.00037850086564616937,0.00040992476902701567,0.0011670957858000684,0.0013032326486891851,0.001359017834579024,0.0007284964772147014,0.0001195754288577445,0.0003509931148869772,0.0006185755117435248,0.0003959197559768268,0.0016101657490432653,0.0002013720571141812,8.218435162710728e-05,0.0013179271707965,0.0007507510601247576,0.0005480129015300054,0.00042706481473012023,0.00021971770396884984,0.00021323700035749582,0.00048640330237838307,0.0003348437383056028,0.00045024003221146063,0.0006014826491939596,7.265030013639964e-05,0.00021287175098106483,0.0003983484152595488,0.0005729133730706336,0.0005676441796432939,0.003845673829952085,0.00025161417081270463,0.00027653443298447785,0.00034448566977922254,0.0005337776582792845,0.00012489899574282196,0.0002961759055480357,0.00046135158522289465,0.00020079904208602348,0.00019134680444142624,0.0001041156936615828,0.00014938397717381742,0.00032355975641875344,0.0003644575096002757,0.0003155596205509335,0.00017946256239571954,0.00045596904118522133,0.0005107169805743176,0.000395853937882501,0.0006595070445025939,9.389312406619886e-05,0.0017984022652213802,7.092788938324558e-05,0.0005534529761165643,0.001646204820408979,0.0008494873832863526,0.00040318728391502875]"
portfolio_margins,Portfolio margins,cvar,80,1.0,1,2008,279.60492516923625,271.1007277952496,3.041504855051932,0.0606094700518779,0.9047294008214144,0.018819429723700966,"[0.001096131717791686,0.00019624246247405768,0.0009125549467495647,0.00015879957018139065,0.00030580407665074046,0.00047717353347107537,0.0007264106106953895,0.00026305787591913906,0.0002890226107147303,0.00013053333807455393,0.00018316150830632606,0.0015060956189267025,0.0007025836994197156,5.027173042625537e-05,0.0004329326516930162,0.0012532925981235048,0.0015186938301844726,6.109077849796268e-05,0.0005302607727525656,0.0003609898864933276,0.00021913570540453589,0.0007699170481307898,0.0009737934057972575,0.0006062726598499113,0.0004686802304948842,0.0004651461373063362,0.00010664357330565641,0.0030304735025938954,0.0001887144001981922,0.0022079749869371268,8.454438700334264e-05,0.0004466951882493862,0.00017079239009302943,0.0001793121227253916,0.001724104782903098,0.00031773614035475115,0.00011056304173879745,0.0007049420332431554,0.00030161125430460864,0.0010544191288409906,0.0009260686081738698,0.0010681837226321825,0.0005141244261362764,7.213316915343211e-05,0.0003126083804942137,0.0005986977473495362,0.001273426254943209,0.0005563474730493153,0.0029540367803746414,0.0005013512693293923,0.00023003218326849806,0.000259241718686976,0.0002414054954717782,0.00048137479355633394,0.00021965539010573127,0.00017465727691245363,7.495174572367278e-05,0.0003925715227120445,0.0016343254221593084,0.0001867667326118688,0.0002819414500020442,0.000520902247153235,0.0013433027693858758,0.0024881593744917082,0.0004220872644191534,0.0002272796598973418,0.0007202844469904221,0.00016459132978873428,0.0002746227829568415,0.0004723859337907766,0.00018598833097502432,0.0021222301584668266,0.00030192751052898927,0.0005543040071936474,0.000887664904856277,2.8687361592468402e-05,0.00017076084953681768,0.00040227695860471196,7.503148531620944e-05,0.00039703512418685417]"
portfolio_margins,Portfolio margins,cvar,80,1.0,2,2009,279.6049251692362,266.98083098250595,4.514975613927142,0.08469813745423356,0.8603503469528866,0.018837751716216343,"[0.000677662760443786,9.083873065947662e-05,0.0019027238572875934,0.00011082314986597586,5.695063578521236e-05,0.00024218931209525637,0.00011421355039059603,0.00031610283493513125,5.443695769682967e-05,9.395359506427958e-05,0.000577497622297647,0.0003665367351263227,0.0001721938290164615,0.0012030026393865247,0.0001141446731634288,0.00031598666769154743,0.00030193984705130603,0.0009740680817289807,0.0001903011735588068,5.113880776883557e-05,0.0003401482513419489,0.001978255931137268,0.002482613372287037,9.78527097287997e-05,0.0013537141929967197,0.0002044381867753986,0.0003359977920006863,2.364982691622399e-05,8.40840855950884e-05,0.0005918303698980923,0.00054941112061882,0.001154006407131712,0.0003089221050595353,3.828026640276674e-05,0.0019220884085298705,5.3267151328730346e-05,0.00020537064850406517,0.001834051430022701,0.0009362746585555113,0.00015114738614250612,0.0008371059158576095,0.0002007415655833693,0.0019890217988958554,0.00037069047471616917,0.00013814228825765923,7.286439912438519e-05,8.497037119772959e-05,0.00010349796074580919,7.194764722222844e-05,0.00040764704218022407,8.78318420170753e-05,0.00010345870418831811,0.00019628217979472562,0.0013651220355080037,0.004234906872711678,0.0007876530177910556,0.000442708303990066,0.00025923148612743877,0.00031132130901739493,0.0004480806093954728,3.1041578437212384e-05,0.0002426183706541108,0.0003570067555525854,0.0004139902242396008,4.315884860148028e-05,0.0017272010346942063,0.001349487828224152,0.0005602977313257423,0.00019950169318821658,2.6834143968323958e-05,0.0005583697167465785,0.0001813101062658453,0.0001627526699827659,0.0018292935327085167,0.0015811610157764147,0.0003004555271580986,0.0005480125383415497,0.0038909877514675113,0.0005913125933272422,0.00031987075303010305]"
portfolio_margins,Portfolio margins,cvar,80,1.0,3,2010,279.6049251692362,263.71247509116984,5.6838948986492825,0.17177186163906988,0.8210182375299078,0.018863224194332798,"[6.224052445565173e-05,0.0007317777195067627,0.00017149707515122376,0.0003059850534953023,0.0007974334613450226,0.0011692815742513883,0.00038144522356288734,0.0008050580769794145,0.000553551222693542,0.00015964009808122802,0.0017054329963429144,0.00041153844500592645,0.0003116756875139476,0.00014299294580898375,0.0009982410807717857,0.0003918912858763117,0.0006193540466516446,0.00018568876499653014,8.93908025088364e-05,0.0026713137139569017,0.0008569911965910115,0.0003396574780446196,0.0001541712763240841,0.0006921190671131173,0.000709539272220097,0.000153109926893183,0.0001236624844258544,0.0001965378425198178,4.487988328575163e-05,0.008588593081953495,0.00031361763625439675,6.359036724624937e-05,0.0003575909841700319,3.014110326204915e-05,0.0003137068143477724,0.00017309876394497588,8.554464892613065e-05,0.0006472730499041721,0.0002539435010210525,0.002926321372934495,9.930733214980135e-05,0.0001127170142195229,0.00022280342457475934,0.00013795156312396,0.0001586811016598603,0.0008877479725655549,8.541134149823633e-05,0.00030813920625808356,0.00037699578799360416,0.0001847746102728657,2.5829584695668062e-05,0.00019372128925647353,0.0005329235480900335,0.0011717474950984554,8.151141816814634e-05,5.289187207045513e-05,0.0011504008893594814,0.0002417988140348682,0.00023058702224956691,0.004376505661535349,9.105608194485286e-05,0.0008536650261495624,0.00011312891575123704,0.00033343711419050656,0.0006108838757775971,0.00035459516145238334,5.604495862218302e-05,0.00013551617754682102,0.0010883965431278044,0.00032871227015726103,0.0010621031957642611,0.0002721796655146073,0.000821633425837863,0.00028445453457765445,0.002413281622955175,0.00010951536434439696,0.000203013279349292,0.00014437139505174307,0.00028313269960849,0.00011891219306300465]"
portfolio_margins,Portfolio margins,cvar,80,1.0,4,2011,279.60492516923625,270.433033326065,3.280304106810627,0.06128350889607105,0.8977559343834653,0.0188217927980554,"[0.00014431102039483393,0.0002788624740894529,0.0005904883945006181,0.000139774332628046,0.00047763096273024355,0.00018977206041455392,0.00030064580562759224,0.00018589882173617014,0.0003915288017779261,0.002514320451548685,0.0017961591603565363,8.998721429621955e-05,0.00017996310583186356,6.359146691199086e-05,0.00035464317562673654,0.00025670318068604024,0.001099182606885664,0.001577844845685789,0.0019299147445388696,0.00020060560277221048,0.0002066632205883018,0.0014778668248469815,0.002640931050110602,0.0003145450221290691,0.0008741843204072286,0.002109650042407742,0.0013420886206941898,9.062530333989353e-05,0.00016051690729702387,0.0005519327953464186,0.0012768758729786215,0.0017403102638103166,0.00022325219014097944,0.00010396166948154732,0.00033848472279303295,6.120666609529475e-05,0.0006644527518844332,0.0009475165719675618,0.0008056265990933091,7.41402622736964e-05,0.00016864143715758563,0.0002203275927560266,0.00014856495814920848,0.0004839101231749812,6.400593701009042e-05,0.0004345746892931624,0.00013382694559324067,0.00010877299692176107,0.000302210749926909,0.0012195515528869447,0.00028190833010408305,0.00041039002350092913,0.0002860744805744316,0.0004331314796273848,4.361252168845215e-05,0.0004236429352271746,0.0010864226521093792,0.0004927499901005581,0.0006558482274266737,0.0017519966511816232,0.0006772757590698687,0.00010120411285357755,0.0013923409812995316,0.0012166262730888596,0.00022170176487761406,0.0006899231315615571,0.00016489423845885548,0.0009266677253813989,0.00031773089944493467,0.00028601423003521545,0.00020232419078168752,0.0030641754448035526,0.0005120513476535994,0.0006499856087040289,0.0004124592807889702,6.243743858404526e-05,0.0003093750300942327,0.00018781700996935117,0.00022932502025978726,0.00045884633115245344]"
portfolio_margins,Portfolio margins,cvar,80,1.0,5,2012,279.60492516923625,271.1638828741403,3.018917599533283,0.06886380195514784,0.9054598697918281,0.018819165325692815,"[3.921324880630887e-05,0.00023633195211136674,0.00018498010785134616,0.00024371531438383868,0.0002609779712952435,0.0011602854938273495,0.0012580130566111234,0.0002464713114477507,0.00112805202509484,0.00054940949802328,0.0018113215556374545,0.00021188604460537703,0.0005263055768771231,0.00011706923061427888,0.000220766085576785,0.00014789070279998766,0.0012395604193463994,0.00012260439785689406,0.0009789214543596543,0.0003767923575071073,0.000195769305308622,0.0006457918696193112,0.0010179738596390782,0.0002249662894011119,0.001807866426203647,0.00018184839932599008,0.0008892681452103999,0.00048160483720458247,0.0005231697824394501,0.0002851155329737426,0.00042471577418131984,0.0005954787022607482,0.0013144782070076643,0.0005638344281441805,0.00016078813570171764,0.0018027888451047198,0.00031725065292065736,0.0005754602195674097,0.0006232203759370043,0.0002713796919280661,0.0014206734841910045,0.0006398183065274612,3.815215195977891e-05,0.00013296621193953286,0.0006379107637326274,0.0007947367885477894,0.00018905840623188627,0.0034431900977573925,2.9181551219821592e-05,0.0004195045045708675,0.00044495964936138176,0.0007846399246915199,0.0015864170578182865,0.0020682503952830444,0.00016218820835962273,0.00012908071112560158,0.00038193233812071624,9.60614791266538e-05,0.00014079650220843169,0.00012981501012545427,0.0004264512230927629,0.0004078386053421705,0.0002638160985644235,0.00013015617830474383,0.0011181964961335467,0.00028925562867843064,0.0033105040396468337,0.0005387159004956219,4.395399584492419e-05,0.00048412537308855594,0.0002859956111275604,0.0007349706510312545,0.00020788462050828316,0.0007058118535267756,1.91755160660607e-05,0.001217288023211576,0.0006936676797060111,0.0005826718638162915,0.00037512783430828094,0.000531721979894094]"
portfolio_margins,Portfolio margins,cvar,80,1.0,6,2013,279.60492516923625,271.1708062672056,3.0164414653732403,0.06993710369059374,0.9051753367366343,0.018819772465326665,"[0.00020643851633884156,0.0006597301672598528,0.00018347989044318762,0.00022167140724713022,0.0002558635852655695,0.0011930957761686356,8.641463208026857e-05,0.0015104725786599287,0.0008455130305498595,0.0006099297278128721,0.00026912164693963835,0.0005400848507312694,0.0007821540887915898,0.000177868258144048,0.0005310714206059345,0.0006048494106860919,0.0003423611020567373,0.00042592110690766334,0.0004588865933539339,0.000289757460324122,0.0002457180645565451,6.277023597929726e-05,0.00020811914037114994,0.00013271137758087676,0.0009906101117524969,0.0005357617515871291,0.00011070775200979547,0.0003565383355856889,0.002892200058437819,0.0003271189650870071,0.0007210307509945664,0.0009664440786300584,5.9663597340591603e-05,0.0006155864751884773,6.12012999946323e-05,0.0006102568115254157,0.00016612377142686914,0.000440241655167116,0.00021707548710686876,0.00032930932916181983,0.00023184697848466833,0.0019437092474514628,0.0029485597575246917,7.717969042785028e-05,0.0001719068436818682,0.000517015363337319,0.0008231742096379236,0.0010275511116161924,0.000303591211540611,0.0002124401308175109,0.0001769504767205606,0.000649218550765482,0.00014539116161295558,8.948884121089981e-05,0.00027638454735501533,0.0003466810516774179,0.0006372709593496416,0.0005460335880819794,0.00018698342018042677,0.00048175475882533003,0.0034968551845296868,0.0021883959249736286,0.0008170853983895133,0.00044838054257100815,0.0006790824318385824,0.000532711102624596,8.356876450355291e-05,7.553985279215209e-05,7.834629448938493e-05,0.0009695149402662072,0.0015023467431864793,0.0002965478422793798,0.0002020437979656047,0.0005527957722185212,0.0010847139579980764,0.0010919096028442227,0.0005847807355611531,0.001773063328885563,0.0004704684698950925,0.0010348431120363955]"
portfolio_margins,Portfolio margins,cvar,80,1.0,7,2014,279.6049251692362,269.7035694786807,3.5411950217123294,0.08980320609535575,0.8897372972278343,0.018825444098086775,"[0.0004247624905483393,0.00012749809681364662,0.0003726713910035459,0.00021082819798662875,0.0016635833903811369,0.00020476699616021608,0.0005409286015715313,0.00030690883156627753,0.0011070828449691202,0.0004841498352508566,0.00045953256728192057,0.0019469445741517148,8.413801874660521e-06,0.0011536286879865088,0.0010738656641425342,0.001137633090285558,0.001273023250874497,0.00023978148252198182,0.0022703373266217265,0.00026869356817399285,0.00026641837241305925,0.00011528512522411402,9.54057526105627e-05,0.0002034942872762797,6.078272298959621e-05,0.0005732578849457921,0.0001957883505750782,0.00023913184504219465,0.0006850885893384085,0.00011465556951802765,6.513627460047929e-05,0.0002021207820341503,0.00015819099719122115,0.0001279154985916211,0.00025260241726511227,0.001192311803210034,0.0011578345280180533,0.0011789363255710085,0.0006631735800321115,0.00047387753326600366,0.0008232701713308706,0.00032849436322300856,0.0010089028183396381,0.001748409712274345,0.00027423107791561325,0.0014657341745056463,0.0001180266788092632,0.0005616614046240453,1.9278959674097538e-05,0.0016145514637390048,7.141101801406832e-05,6.975783771805802e-05,6.771874542815009e-05,0.0004624697988931828,0.00018655439225240413,0.0009933541843832035,0.004490160304767787,0.002445095691389196,0.00043064257923848716,0.00021352512999927008,0.0015642369376866235,0.0002541909805496911,8.831893623259972e-05,0.0008330577886179597,8.521936417651597e-05,0.0002574541577100548,0.001151515119102521,0.0009038062435087116,0.00029953386934343247,0.0003664778259171695,4.483196886959829e-05,0.0008665062536425583,0.0003601961654747448,8.094042364256812e-05,0.0006819345485380744,0.000553818054826198,0.0003850125659973766,0.00022876852092481128,0.0002257326780909073,7.875416074924571e-05]"
portfolio_margins,Portfolio margins,cvar,80,1.0,8,2015,279.60492516923625,270.600418129047,3.22043935196746,0.09561876379918319,0.8986086989916416,0.018823097259532472,"[0.000998719096122865,0.0011663615644584699,0.0008563541751870571,7.616526846330055e-05,0.0009047486384671086,0.0003196577610149757,0.0009485804147837206,0.00020155795778100714,0.0008743732835270129,0.0005335386789628558,0.0007252940526661812,0.00010004084123093854,0.00028627122375990757,0.0004880649052575801,3.4482651461717904e-05,0.0002392458656589267,0.00010866513891588172,0.0007900304836611655,0.0005382195323676035,0.00039860166182155925,0.0001101410690608671,0.00017956093437748483,0.0003072667003908753,0.000297787214326638,0.0011426042041980827,0.00027680455575715385,0.0002776639612856216,0.0009538490295811081,0.00017971858850342293,0.00016907771774009214,0.00011180760307052559,0.0010994854831710026,0.00015554037371439056,0.0003324067829864486,9.127503309457441e-05,9.377762109483827e-05,0.00024996512001182605,0.0011764838817807947,0.00020729931835985953,0.0014895979794343015,0.0007452519476453144,0.00030652518376351963,0.0011679805575314762,0.0009546199852886002,0.0005297511744955952,0.00012360075831259002,0.0013552575242704332,0.0018931604565422067,0.00021385856017979322,0.0024082592849295767,0.0001956481923435055,0.002769444771781164,0.00478093818995916,0.00020507004612985752,0.00014069102182155257,0.0002727591513638043,0.0005300248755711245,0.0005507828768880374,0.00031144295959727815,0.0018408804301327172,0.0011346432123295553,0.0010038219804105765,0.00030373421679145404,0.0006187246549982137,0.000274808140605386,0.0006135561263887,0.0001744710384591681,0.0008921878977986331,0.0005334108687396798,0.00022317557293891093,0.00023621746241944946,0.00010747419758283245,0.000900315372244154,0.0002720226193158812,0.00010357095565275723,0.0005187233322801624,0.0005275803250031198,0.0005494519902915579,0.00017048738171094276,5.458833798182029e-05]"
portfolio_margins,Portfolio margins,cvar,80,1.0,9,2016,279.60492516923625,270.27538306593476,3.3366873268253796,0.08425198680720722,0.8949468774764224,0.018824751813170903,"[7.989311961554412e-05,0.0003317019640620905,0.0002709447317297077,0.001347193870776575,0.00012144654132544037,0.00023251143178889538,0.00038850817534972376,0.0008357307451596445,0.0010703677677501653,0.00032926675046633143,0.00024114158411653398,9.813465214486707e-05,0.0006649562689785066,0.0011165219756884407,0.0006594626815237258,0.0016761023232126642,0.00014485532241995927,0.0002070927167852341,0.00013229603079866931,0.00023929664197800071,0.00011433967937162652,0.00023908946505024763,0.000779869484678625,0.0008611156609531359,0.003008886270898782,0.0002936253118420263,0.0002914193747991803,0.0004286428453158718,0.00041278458827747624,0.00017657156338263374,0.0011203132826958955,0.00029197644264020205,0.0006882260285068168,0.0004916471809628251,0.0001519231196646887,0.0016549363249086485,0.0007528759412118694,0.00018218967473597881,0.00024965441394132477,2.6570851107575308e-05,0.0006208884628232346,0.0008784040828101486,0.0005535327092020463,0.0042125993403603615,0.003598281132342276,0.0011473400240654293,0.001042612466956812,0.0008312122616978136,0.00041662799367728215,0.0004211321434281754,0.00041719250457932975,0.0005903729136558703,9.721505252234e-05,0.000668213255480328,0.000645294819707208,0.00011294477491267328,0.00016855940139784049,0.0004754893731126304,0.0005680048582399685,0.0006383656559975122,0.00036358946717241083,0.0008788960568075229,8.855062117594244e-05,0.0001713152964957708,8.261997689645673e-05,0.0019050031332341457,0.00019335278243888052,0.00028091021505323216,0.0009040186195979876,9.633064938904474e-05,0.000277285917143559,0.00012789983280380522,0.0009541976379821868,0.00022181431816701961,0.00044356869195087846,0.00016446599169576287,0.0009023896511024528,0.00012813991099467923,6.564298061248139e-05,0.001241642221700359]"
portfolio_margins,Portfolio margins,cvar,80,1.0,10,2017,279.6049251692362,271.263588980334,2.9832579608007346,0.054430291451438864,0.9069234847888078,0.018817933558685766,"[0.0005364828570129788,5.7811480166035634e-05,0.00040400280571369334,4.766448218619751e-05,0.0008396745793982351,0.00021139667454567402,0.001204810032513738,0.00010492598415301141,0.002564205045767341,0.00035570453757335967,0.00019195766637432053,0.0011433972978641827,0.0015287041671247703,0.0003919679811533433,0.00015609320634664842,0.0022148289967276625,0.0011348789529440932,5.328663024419196e-05,0.00014396742017214257,0.0009007019664992055,0.0005837179769252216,0.0005538404431420293,0.0002318964326259543,0.0003772927142049648,0.0001694714647500038,0.001283925386691468,0.0007007780623194036,0.00044072582750440294,0.0004971162549868643,0.00018423358919852394,0.0006635654309268236,0.0005360968176906445,0.0004428266633706367,0.0008836380705259043,0.00014845288502399165,0.0003167172732010447,0.0003123916987813057,0.00042173026399154964,0.00020006277852576071,0.0008667223819022651,0.00043897611268221804,0.0002759840738829705,0.0002463616152691457,6.990110314181214e-05,0.0011610044448399162,7.117736891685888e-05,0.00012167578535210777,4.62337759175365e-05,0.00123868143103658,0.00014955706552385187,0.0003856126500436334,0.00043042723711182366,0.0009008919932391557,0.002065354093249909,0.0002415964252098902,0.00018971820413907504,0.0005436540467533179,0.00015800936203059783,0.0004413972484198305,0.00046301346555191795,0.0001208654877074431,0.0024506237193463705,0.00023143319177821442,0.0003315039038169554,0.0014245476771662688,0.0010428932631843509,0.0027215145725719434,0.0005524138840722466,0.00014198095699705378,0.00014547208877904605,5.605346271110287e-05,0.001610001524735875,0.0001595604470285227,0.000837143181765824,0.0018512662000098128,0.0005813464125962424,0.00022825335018020806,0.0003098170110128524,0.00048655422675503705,0.0010758627547028938]"
portfolio_margins,Portfolio margins,cvar,80,1.0,11,2018,279.6049251692362,270.7148532469052,3.179511919165987,0.07514195175775347,0.9001363266618168,0.018821937548225053,"[0.0003324542701623921,0.000654372531433684,0.0004981535226323405,6.200985214768416e-05,0.000431568542680713,0.0001945902737962906,0.00017343140158453428,7.397781130377194e-05,0.000666895375269564,0.00012954890211714772,0.0037570975878876735,0.0006754390430682809,0.0003053733077132463,0.0003921791926917572,0.0008740087362624689,0.00021834411397342476,0.0004852801629895746,4.084415487619804e-05,3.201585923721263e-05,0.0016336201536529158,0.0008977245798249313,0.00022665417249014743,0.00021461696554369444,0.00034039877639021514,0.0003365435573754845,0.00018508849798167526,0.0004247533335850174,9.804662308813628e-05,0.0007731882142000809,0.0001947535506697394,0.0002953709245605626,0.00011465268606865474,0.0015270564491264278,7.896299195170205e-05,0.00022373162696477916,0.00035874983169780335,0.0006151723783244806,0.0003958091429327403,0.0002986454415109391,0.0004549443099366871,0.0008261896748784222,0.002988402925651137,0.00048505469521730084,0.00029257533315119776,0.0002584881662298429,0.00019596536286853753,0.0005451368184156899,0.0006416842946898076,0.0007457391677364267,0.0018433676027003584,0.0017009099010011038,0.0002610169115428221,0.00010122147122727425,0.0007153839534155401,0.0027382504475372284,0.0003724181245312462,0.0010308766225158882,0.0001698506980808905,0.0009011890907185375,0.00026946161435654803,0.0021410452837412972,0.000737287010248697,0.0008752208682737215,0.0008723241645359224,0.0005485901577828049,0.0003957457708292069,0.0001178716266115271,5.969763630915924e-05,0.00015433275581781182,7.865876858246855e-05,0.001139964326974217,0.0006174229948081833,0.00015986528016832913,0.00019600985533167856,0.0003928093730559571,0.0009396866911467817,0.0004984814233362971,0.0020366930092642604,0.0006194232793394861,0.0006496179976716169]"
portfolio_margins,Portfolio margins,cvar,80,1.0,12,2019,279.60492516923625,267.25712326317654,4.4161603729211745,0.12140144020035315,0.8596674937403044,0.018844021905464026,"[0.00034272243262238546,0.0012717567189209397,0.00020269792299393869,0.0005280271342218232,0.0001940089666210042,8.353012880185213e-05,5.2854950237262756e-05,0.0002609700563535717,0.0006322453003203868,0.0005616314676816065,0.0001908738407283335,7.584389933687491e-05,0.0008744964720436155,0.001419419519535744,0.00021063312915275758,0.00017498939456622235,0.0010794016620637474,0.0005453724329663477,0.00026011123930813737,0.0003975254992312881,0.00514556078347876,0.00012026937114660388,0.0004988560234532595,0.00020592025175699435,0.0003355631775656373,0.00044900710469683743,0.00021925433001535047,0.0016128866009961745,0.0004487000660136706,0.0017516621753975953,0.0003739770451398425,0.00024267829381174284,0.00015008153684712954,0.0002982160324289596,0.0002883647343897448,0.00014843495376220373,3.662423807233418e-05,0.0035420794080927615,4.6977487163893726e-05,0.00036471178672510253,0.0003074236410616191,0.00013751266027104824,0.00023975339389358444,0.00038424565664512555,0.001818046011132462,0.00019611929397879836,0.0002815401427558862,0.006070072010017658,0.00040114576349612656,0.00022250451852219607,0.0009398422733322889,0.0003737178274365694,0.0003269708691505109,0.0008685410967671131,0.0002304159897974814,0.00026528204138348424,0.0004621384333202442,0.0003212357768169027,0.0007823460934459992,0.0004224676349327219,0.0002895297732755252,0.00010194885008550185,0.0001691796754138994,0.0002733780802674868,0.0005696202289201036,0.00015635515046749215,0.00010494146606353985,0.0002783202453636318,0.00043144771773369404,0.000946604071103757,0.0012631428281225624,0.00019542212292315896,0.0007727930529039825,0.0010163085913450281,0.00035328040217977666,0.0007549360025065955,0.00011049674172597881,0.0005207691434401678,0.0007736924008633965,0.00022757475847446666]"
portfolio_margins,Portfolio margins,cvar,80,1.0,13,2020,279.60492516923614,260.7053610196164,6.759381701942626,0.24615130128696303,0.7838197297917995,0.018892182962840474,"[0.0003510722837484589,0.001169095061464648,0.0009233488627834577,3.251438563500842e-05,0.00014754605196024345,0.0007434696238870996,8.028954775355012e-05,0.0006414136816468032,7.216064237154575e-05,0.00569406400101822,0.0009473475266136801,0.00028460842011033443,0.0002636364117713555,0.0002033843866201218,0.0001386472380851698,0.0011017462980516387,8.180131239455297e-05,0.00020270068996681298,0.00012632911833180773,0.012307565064348151,0.0006156917145632985,0.00019082233631505886,6.959088204129126e-05,0.00047161469314362895,0.0001937020386550719,0.00025154825629104084,6.21880512000989e-05,0.00014350590980476938,7.956504677744337e-05,0.00012182803111644126,5.8538068640555555e-05,0.0003143293330069401,0.00023591268564630125,0.002279064703873271,0.00024117454406592218,0.0007790942898393527,0.00022085589613267336,0.0016030004726014604,0.00027301806009306836,0.0003753475606178388,0.00046178685447315684,0.00021859372412776057,0.0002800520741471907,0.00039363289009001367,0.00036106091607961604,0.0001282476092756069,0.00047153157764982464,0.0007493630589236655,0.00019935612654997615,0.000574148857005604,0.0011001020682683276,2.8403351542269008e-05,3.2126256762172664e-05,0.0003433267700801973,0.0010315942738667863,0.0002220742015022432,0.0005269762685343464,0.00013628993190245488,2.8007184332437645e-05,9.005929973216481e-05,0.0006549677765964966,0.0002297963108696485,0.0007778469452615566,0.0007863203506406748,0.0008065703846699844,0.0002956378341785056,0.00043707420348520646,0.0005075552262602236,0.00028632586826766136,0.00020486375939202364,0.0002676970803617532,0.00021320742188716377,0.0002563227017168573,0.0002489803390037277,6.736750945841601e-05,0.00043479620349225217,0.0001291984860497988,0.0004472071793985302,0.0009900066850241401,0.0004883912561513737]"
portfolio_margins,Portfolio margins,cvar,80,1.0,14,2021,279.60492516923625,254.2654129845698,9.062612959814365,0.3709857225705348,0.7097331764177871,0.018949957492057273,"[0.0005477962128395276,0.0002829711218057004,0.00010843789218198865,0.0007750718685425545,0.0003132357101594935,0.00022064663334583315,0.0003892140443869509,6.862079567372315e-05,5.1929945230669564e-05,8.470923075815812e-05,0.00020109015656478478,0.00018274653947440817,0.0021748191989330676,0.0003876318669730333,5.628547700008035e-05,0.00018075208772757594,0.00010890337028503473,0.0004030652653104327,0.0003586946344455646,0.00018471056675398861,0.0018461615628689039,0.0008011408002542522,8.116830306563062e-05,5.984700217526324e-05,6.620768965906462e-05,8.40991145158293e-05,0.0008571944135783089,0.0010163519345529354,0.00046297672530255096,2.797211264018194e-05,3.9222884244565445e-05,0.001987113471490141,0.00010800073269467153,0.018549286128526743,0.00017371624820156892,0.0006422108023891081,0.0003811935470924769,4.174240138333641e-05,0.00013954543504966603,0.00028022654030434354,0.0007099779668662894,8.971126054998158e-05,0.00017185392045325528,4.107925110594093e-05,0.0002675103156517537,0.0004740958215417584,0.00041072988495015865,4.573240843334577e-05,0.0001807316379065107,0.00046038129177616773,7.514335872857784e-05,0.0002650760245305194,0.00016795897897306218,0.0002203555031439798,0.0013424237023732482,0.00015276501421862852,0.0013324867991655446,3.5745935502913454e-05,0.00021343822528970094,0.001199633353967896,0.00025688810814352916,0.00018669593376859827,0.0002860395589637567,0.000104396457556471,6.417876886774029e-05,0.0005272287549959762,0.00014144950155855232,6.281468006838287e-05,0.0004604714101322183,0.0007570633125307316,0.0007483882813262062,0.00032789400933144205,0.00025261850011309544,0.0009623776984416682,0.0002566943675624029,0.00014451763157422354,0.0009373843904237159,0.00041705122978970814,0.00016697176206800234,0.0003553345192722379]"
portfolio_margins,Portfolio margins,cvar,80,1.0,15,2022,279.60492516923625,264.9802928463966,5.2304630592568495,0.18462093926413722,0.8336234396042492,0.018859452781540734,"[0.001797973587194512,0.00022656963256009074,0.0009171155124402893,6.927338994861253e-05,0.0003483971359235818,0.00047055628457947865,5.0198853724457965e-05,0.0005706889186254168,0.0008205194481133741,1.6220933622582033e-05,0.0004282483028543923,0.00020295690410520193,0.0005881029334394688,0.004401971251019663,8.961424559622882e-05,0.000434977125644457,0.000484527612504285,0.0009143411444390272,8.894920876495201e-05,3.991915245935967e-05,0.0006739219138296144,0.0004946698340267058,0.00035206134940062223,0.00026736797641469,0.0005507936856074242,0.00019978750984282187,3.424117349611302e-05,0.0004995011474609085,6.383193701562143e-05,0.001220328570928608,0.00040787544022623484,0.0001915663596609607,0.00037344943468931876,0.0015538138606409654,0.00042086848008481925,0.0009538784059837431,0.0001763118202822573,9.121623814303756e-05,0.009231046963206861,0.0001295584906760848,0.0009774215561964953,0.0004843664862257659,0.00025452999393871543,5.6614196526376373e-05,0.0012639274263751639,0.0007416188523920522,0.00017785752533829976,0.0002029984410250129,0.0006418178617149643,0.0003902452571972981,0.00012727650320767006,0.000535470858126419,0.00036965319858900836,0.0012257757904992755,6.160484533561905e-05,0.00033369932861049864,0.0005988661080166337,0.0024338414777955973,0.0006323542092871411,0.000422958468927903,0.00033551485011062667,0.00040046200096756986,2.9338214879365487e-05,5.980905792700667e-05,0.0009450421852389092,3.114763835221001e-05,0.00012469105901051264,0.00014032039780750724,0.00017926712583722954,0.00028887725824954164,0.00039892372392909693,0.00030746470960581104,0.0010483379670767933,0.001164234913252451,0.0006187463895189647,6.473398300994991e-05,0.00014315787059182268,0.0002488226071535838,0.00025665316386034974,0.0004343443291179505]"
portfolio_margins,Portfolio margins,cvar,80,1.0,16,2023,279.6049251692362,268.56140726318534,3.949686472570736,0.08922708640424673,0.8764964702000716,0.018832235490609417,"[0.0004144728055662054,0.0008926279496765139,0.00022544921225022864,0.00033726227579859643,0.00010174777728078821,0.0003473748218137582,0.0002408898572888178,0.0002478362514488551,0.0010166315443704604,0.00043816154420017744,0.0001816562208703347,0.0003655629933590808,0.000361731489501813,0.001920177886064239,0.0011654566507880344,0.000245511368672791,0.00016985715392352937,0.001497488598143815,0.00012974947876370803,0.001536529336512351,0.00014279078955021455,0.00015616946728558417,4.979930620101548e-05,0.000478518147398486,0.0001993303134280769,0.0044613543202123365,0.00017773913531298166,0.00019442825711646434,0.0012350725590451242,0.000746106505792945,0.0031151139171648233,0.0001240705914316817,0.0004182366393586978,0.003302790574101734,5.2000580303259727e-05,0.0001786926550412867,0.00011732160069037495,0.0008314649382482145,8.69536110477066e-05,0.0006655377931340596,0.0003084587148567177,0.00026023350538864864,0.001038861658887149,0.0007146437101649575,0.0015332560837560166,0.0006468352199184612,0.000405822801988159,0.0004878320727158186,7.01067844353547e-05,0.0005889187385223529,0.0010861859280001816,0.00014627421772581015,0.00011642363711248024,5.6383456009317165e-05,0.0007295287682111501,0.0005446210634786562,5.488997641906366e-05,0.0002725115203475161,0.00033329925825892895,0.00011346312524737286,0.001214862265351845,9.26081856442232e-05,0.0004609273911868522,0.0002299704485803937,0.001533774698621556,0.00042673540210770355,0.000607323171878601,0.0005252396039649689,8.170885197052094e-05,2.125657349960562e-05,0.001037420432664199,0.0006477826726451027,0.00038747889718533494,0.0002912468979332381,8.808471003700568e-05,0.00020055486472142278,7.039031421019772e-05,0.0007413505241182217,0.00037892361622780265,0.00288414331784793]"
portfolio_margins,Portfolio margins,cvar,80,1.0,17,2024,279.6049251692362,271.318999412924,2.9634405586013943,0.08268076927598464,0.9065495431638197,0.01881966459047129,"[0.0007199822128364125,0.002574411182601743,0.001109950806320628,0.00023129848495389018,0.00015720529217507845,0.001075943910865933,0.0005120076681329104,0.0004117774680377322,0.003154328476466015,0.0006554607826150128,0.000859325774379061,0.00013404254009400537,0.00017772333708608243,0.0017301603508435696,0.00015362138291340793,0.00043936592528447474,0.00019610917504592088,0.0015977229912373231,0.00021536146128922954,0.00021442525625178986,0.00042027655588908224,0.00017711444797410648,4.132913130847469e-05,0.0004385933077877057,0.00018955183474002595,0.00022481372037023577,0.0019901987302389837,8.585824662470334e-05,0.0002856781554992937,0.0005208156128904034,0.0005982774795098821,0.0001657676128430919,0.00033517230434050875,0.00045480491372732536,0.00022152443504586683,0.0011609055619755278,0.00033607249475447163,0.0001684264675871098,0.0011627077868173678,0.0003300357157338602,0.000407627787867945,0.0001441389409199327,2.2043539156611377e-05,0.00035103863435262996,0.0002168425934355759,0.0003640912996745132,0.000892065938133989,0.0004018535549454492,0.0001663893864302849,0.0010697559155361845,0.001058046019014056,0.00023782692995380654,0.0004444243245785385,0.000127834328583489,0.0005733554976910601,0.0006159620546706235,3.513599265754958e-05,0.000302846447862802,0.0007689287091814955,0.0007507461723027066,0.00034403749862124244,0.0009403054844080033,0.0007935211454691736,7.120019559996814e-05,0.00024139104413558666,0.0008520689090340224,0.00023568333072277166,0.000510245933504265,0.0008774033423902058,0.0007868068821513447,6.881229137763094e-05,0.0005823968299675227,0.0011012387551529636,0.0009668287257196933,0.0009289036204331307,0.0006020762442578117,0.004134038463799232,0.0006595777664712255,0.00026012870384978557,0.0004642317708969299]"
portfolio_margins,Portfolio margins,cvar,80,1.0,18,2025,279.60492516923625,268.06478918688885,4.127300681618007,0.06182794547846224,0.872709494406285,0.018831364467906325,"[0.0002613540562329447,0.0005819596531319794,0.0004518947431160587,4.058428430518965e-05,8.750403489357958e-05,0.0014656252651577622,0.0007984745436824252,0.0003087230147685413,0.000708464618860525,0.001103007383315618,0.00018137811373913944,0.0009468467734869259,5.823669334604538e-05,0.0008790145156650836,3.016982524694037e-05,7.511979691232947e-05,0.0001644978270484001,0.002225385727199546,0.00020992106049241269,0.0001333477512032631,4.3847059804769076e-05,0.0010231612030261006,0.00011769996370141828,0.00018024915066662816,0.002382495162236902,0.00014879232040944192,0.001146967907718014,0.0004800758822300228,0.0024137655940402285,0.00033865580263277013,0.0004012873269607388,9.772410593505346e-05,0.00019845085910163613,0.0008646777220514982,0.0003293144289896113,0.0006475163381489242,0.00014127437959159044,0.00039776501320486186,0.00028287617458366317,0.00018592933860484898,0.00039625576876472444,0.0009764508899621073,0.003091397273923112,9.227633231540993e-05,0.0018179437326857422,0.00011916896312683666,0.00021830403522196437,6.572137519320871e-05,0.0030505994791289143,7.382711899118142e-05,0.0007477563832533609,0.00026376866911162575,0.00011299309575463627,0.00047056205896718877,0.0024584944731369214,0.00035802734272323864,4.405662765718058e-05,2.6418127079132675e-05,0.00020443774571764556,0.0006125151511505095,0.0011056110553734377,0.00023113099388606342,0.0001036875272770619,0.0013023948207963097,4.6966344290805023e-05,6.13132841104741e-05,0.0018348287806234337,4.125897444204025e-05,0.0015147684539966982,0.00011045907309951168,0.00029589768472900623,0.00048258968063655066,0.0006550489214413448,0.00017767581860710698,0.001908425916160549,6.997129390049728e-05,0.00017507176159647879,0.0003628845124221616,0.0004610683399072781,0.0013239367033951242]"
portfolio_margins,Portfolio margins,cvar,80,1.0,19,2026,279.60492516923625,270.06148927743527,3.4131859036548207,0.058346393817717286,0.8945447827787982,0.018821941858728555,"[0.0005798347181595667,0.00023198963920115096,8.363971174315059e-05,0.00136803582168064,0.000715608183761586,0.00010571301004619101,0.00015962363129578432,0.00036093627558873615,0.0001431330856156013,0.00046798289510938904,0.0008967720174523263,0.00011252955119511866,8.176118487042219e-05,0.00011906129312134166,0.00041050585181796016,0.0009759742434556749,0.0001840881241752247,0.0006089584415621016,0.00013558678662435955,5.4155778109372676e-05,5.362366848135451e-05,0.0005350554530565618,0.0005713811294094164,0.00022733433375000706,0.0015666889265684998,0.0015477995377802924,0.000189207104699342,0.0013724296796174627,0.00019020007210887016,0.0009068676680815312,7.57560186306008e-05,0.000164417274751664,0.0006822758015868288,0.0004951825227560108,0.00016739141761214977,0.001988557027880863,9.838468647739362e-05,0.0004196807598062699,0.0010010338588318053,0.0009170596351697575,0.0009069674140906097,0.00014694129971253557,0.00010718888257713725,0.002205311714552571,0.0009009888078536645,0.001655392120742812,0.0020616385070075004,0.0006130329889195797,0.0018822432869458243,0.001630781655388828,0.00024267545660114318,0.00027055004790426626,0.0003739297505825516,0.0002334018634632791,0.00016962485550153474,0.0016237354010683706,0.0005066847884700563,0.0016111838639138348,0.00041623728130528,3.478876057576745e-05,0.0004970366729519807,5.421085195885892e-05,0.00017189458320761856,0.0001335275403969679,8.222390320654072e-05,0.0029173196908858644,0.0006860984734556586,0.0006134292558263926,0.00013032629682165214,0.00043706717640173444,3.9741313246759136e-05,0.00016426569954714737,0.0017063308434308207,0.00011313589526550707,0.0014858859222906336,0.0001601738356942948,0.00021070979743720322,3.777177979924359e-05,0.0012892387462862113,0.0005100961530693881]"
portfolio_margins,Portfolio margins,cvar,80,1.0,20,2027,279.60492516923625,262.72392903791274,6.037445914483075,0.20215325927364988,0.8086898469272634,0.018872710404481872,"[0.0003844830147746511,0.0028068456268107783,0.0002837751554157751,0.0001600678344023031,0.0008560503787755858,0.0001708368515832382,7.326624144698305e-05,0.0003101071607152342,0.00018372294438509778,0.00043776265500862087,0.0006848731351143244,0.0002548044102289283,0.0001133502503116553,0.00021804245146057904,7.065825219184658e-05,0.0005094030233705263,0.00018690871715570446,0.00010570940005501219,5.131204126768403e-05,0.0004861229666587216,0.00012685187479701302,0.0007280124508317849,0.004021858727148374,0.0002663388172683184,0.0010353439972544496,6.802125341343427e-05,0.0003180181215142302,0.00030909948645022924,0.0031676200492734346,0.0010821302783586156,0.0023404472951759855,0.00023979919204782218,0.0009732188562174509,0.00027526594200183126,0.010107662963682495,0.0002956272317403629,0.00027029542290797073,0.00030796933047952743,0.0006693808192222645,0.00011679592773625836,0.0005738296189781994,0.0007838762511845514,0.0008488627549099985,3.7259484932634653e-05,0.0006577203470242356,0.00017066187577262902,0.000801972489646761,7.856753611130073e-05,0.0001222342230342292,0.0013276140449549943,0.0002944484503532625,0.0002644130801173832,9.843924849654151e-05,0.0006176927966960376,0.00039452899231227873,0.0004469311321234961,0.0002456159940006517,0.0001248870988688971,5.248002870533675e-05,0.0006407301705049423,0.00033543306763242684,7.289355649708909e-05,0.00012100192404964061,9.69688596414572e-05,0.0011289557687784563,0.00034611027802467815,0.00036687767318263295,1.9797541255482224e-05,0.0007572241279222392,0.00020266872139108001,0.00039614706849582627,0.0003801762890667829,0.00014637706762123657,1.606191353374887e-05,0.00028852937539881044,0.00034032086656657313,3.122602275064526e-05,0.00023472535084198762,0.0007543690541224101,0.00031350930584333336]"
portfolio_margins,Portfolio margins,cvar,80,1.0,21,2028,279.60492516923625,271.64902619080453,2.8454073094800667,0.05634924899701002,0.911011803307056,0.01881648533445531,"[0.0012384575165560099,0.0007421599460048962,0.00010823486054796983,4.268012751649296e-05,0.0002362133544094324,0.0006662524229399422,0.0004103416433722879,0.0007651248562659156,0.0007403975851539625,0.0002434238541881608,0.0016359309055361622,0.0008937522699416424,0.00040412703312229007,4.5535081205636294e-05,0.00019225274035248525,0.00029381437227852646,0.00042568590941064556,0.001165269933621279,5.32652947118695e-05,0.0008597587398080406,0.00044114333286844013,0.0001413206432310567,0.0005513139799698488,7.727350808927853e-05,0.0001840482172111779,0.00020755152398162834,0.0006330531477841521,0.0013313174578793838,0.0004487078375036017,0.002817462449850501,3.5239422619722176e-05,0.0010407426816456586,0.00011853754667452614,7.23311673930154e-05,0.00023489822278177115,0.0024965543083068633,0.0003320930149222196,0.0004559714597215772,0.0002790664768484374,0.0019047413769738887,0.00019292682821699033,0.0006000452038683973,0.00082511029792471,0.0005756255901356599,0.0025712984686673073,0.0001870855500722422,0.0001287738491206516,9.136468491209342e-05,0.00041864534949564395,0.0024166812988190662,0.0012931334864960517,0.0006137707710057195,0.0014715472666738945,0.0004163490044641102,0.0012675457723365445,0.00022880916353419303,0.0010134230394915856,0.0005165819432031848,0.0003160692667073952,0.00014347419173302826,0.00023202304914152555,0.0002993790105085278,0.00016210791122879382,0.001282701709810269,0.000280536442539376,0.0008868521823746583,0.0013037099039448872,0.00019855608366725,0.000472292133551705,0.000288390607755167,0.00018133267640667108,0.0004640185735941603,0.0001111929205537691,0.0006632749828296505,0.0005241239455840061,0.0004934964172167314,0.0008080574741651088,0.00028531764479427504,0.00028315449250316133,0.0005251745877514421]"
portfolio_margins,Portfolio margins,cvar,80,1.0,22,2029,279.60492516923625,262.2121937539227,6.220466754935121,0.19005491824873794,0.8042957171321978,0.01887263082742118,"[0.0003720200444205997,0.00022571435359743498,0.0001444707624204351,0.002514242575086687,0.00013043765674622366,0.0016063745224034352,0.0017884463858824497,6.718892005141158e-05,0.00033784090874138846,0.00011769431243884896,0.00031353955991076163,0.0002874277246831021,0.00038013522183275126,0.000324887176461951,0.00013812327885951903,0.00016240831404221864,0.0001502784524231411,7.864408429566835e-05,8.44352881655344e-05,0.00032827517710207383,0.00022907619390196885,0.0004909048898003894,0.00021833940099446936,0.0011013846734323968,0.0014429152031733136,0.0032430122338475004,7.819695561781995e-05,0.0010054884432957603,0.00026851950441808694,0.00026482217043101544,9.530045098320685e-05,3.788093441907774e-05,0.0010717160572924196,0.0002167140903452769,0.00023169720558142745,0.0003519185042632812,0.00031626780799534474,0.0002421417401023061,0.0008129271818969891,0.003953941407296947,0.0008384266457159326,0.0005829221211297786,8.85142790790765e-05,0.0007295697395046828,0.0029700899154646303,0.0004017894320725718,8.308361909253438e-05,0.0001711216300281251,8.343067542104026e-05,0.00015950378215054265,5.6644001302074234e-05,0.0001878064224742084,9.171137061080142e-05,0.0002444598745896397,0.009502745912436899,0.0001043864678822997,0.0002193761326623053,0.00023233488000076928,0.0007061369553866293,0.0006267667714017926,0.0003602140912110934,7.106827576246555e-05,0.00025465680714105774,0.0003553369950567951,0.0007314695912699245,0.0007537982354432304,0.00012277052517857038,0.0004116800876319568,0.0008528500155481299,0.000421958727923857,2.5401195269825943e-05,0.00018312255550953033,0.0003371070240951227,0.0009629977825153477,0.0001418049700904975,9.846757491029577e-05,8.581667667486407e-05,0.00014314298048459002,0.0001321877628273757,0.0002475777283945111]"
portfolio_margins,Portfolio margins,cvar,80,1.0,23,2030,279.60492516923625,257.3060949973838,7.975120666546073,0.33275193315346463,0.7430298365044818,0.01892616535164841,"[0.00023424745763313514,0.0024643905778891336,0.00015372522631330033,0.0008691710687598008,9.30436371232909e-05,0.00013243418335672026,0.0019001342883719827,0.00022111445921887325,0.001958797695719734,6.908263781962131e-05,0.0005493760030701412,0.001088917193255577,0.00016318394556374952,0.0003550445674526771,6.622778053249335e-05,0.0004643006207851019,0.00017410982879111295,0.00010004121370201538,0.00010923538475617324,0.002194493760777516,0.0004822861547458242,0.0007578575719222158,0.000623614110094424,0.00019164961183207362,8.035759310068658e-05,0.0008115255905079405,3.068497188600655e-05,0.00034346360749129627,0.0006928596575763458,0.00022623102979268765,3.717183812098172e-05,0.0002090972916314831,1.4112564681229347e-05,9.975943257904903e-05,0.0002867846010839845,0.00021294109870872624,0.0001849610522304135,0.0007222248004510107,0.0003462521724148227,0.00026240549798667713,0.0001312602082543908,0.00044490030158561984,0.0007521408793287105,0.00024024087713325662,0.00011355177059789216,0.00021662355065153497,0.00017023451423252764,0.0002719808608783594,0.000254756988056984,0.0008091904069369725,0.0007741248524581289,5.6414097291864776e-05,0.0008697112963538631,0.00031473047048438457,0.00023157420634181418,0.0002419522319923494,0.00018082458339527095,0.00045929218975453623,0.016637596657673233,0.0003956772407799928,0.0003056583213547078,0.0004676637870878158,0.0002683737106793804,0.00039998980955013576,0.0003099296059023561,0.0003566855793289648,0.0004311560797759175,2.605518835293824e-05,8.356291935926521e-05,0.0001703791525933724,0.0005367034582774208,6.710873299293175e-05,0.000495597353653335,9.635677349324353e-05,0.0009012345229320432,7.326498122096736e-05,0.0003244540790234038,0.00019952800550557435,0.0007752563005845138,0.00016695167442000005]"
portfolio_margins,Portfolio margins,cvar,80,1.0,24,2031,279.60492516923625,266.365229359324,4.735143990006132,0.09057919985736351,0.8535576431028624,0.018840954270793357,"[8.775730789203977e-05,0.0005177388334102303,0.0009449721380948947,0.0037112040504603716,0.00040062699088722894,0.00023183863383266994,0.0012296797984403818,0.00111467488423198,0.0005022363041897057,0.00014319173025282753,0.0004895260153517139,0.0010128588521250324,8.614035315561101e-05,0.0011148683560296248,0.0014613675773022972,0.0026221137804191695,8.70473884888425e-05,0.0007317996065113164,0.0001140017718943573,0.00011942869982994337,0.00015633779391012082,0.00013300932501184352,6.024260104979093e-05,4.021804203865935e-05,0.00034593538453925874,6.288945647041546e-05,0.00043158185904601043,0.0011936463127944596,0.00015204523173837522,0.0008289616894313192,0.0003052934301866115,0.0004481968897024096,7.067946091421663e-05,9.447658763821923e-05,0.00016195490991404246,0.002206190584968753,0.0003630155875887593,0.0006720063334788149,0.00012865770835072097,0.0001082509896352298,8.267961537094276e-05,0.0001984650955010786,0.004528959992868176,0.0001469987316130595,6.420175253698552e-05,2.901468525495832e-05,3.563979994264066e-05,8.051402732073275e-05,0.0017517647189420101,0.0002739061722286821,4.395413660333098e-05,0.00018614079536464925,0.00013446321843617497,0.0011422013369941327,0.00042484304246580344,0.0003828898335016136,0.0014244294213252653,0.00017754632875845795,0.0015372029676394665,0.0017447695875264621,0.001152798870260056,0.0005358745365847758,0.00010877052378763836,0.00011698816814331683,0.0005070470092638553,0.0001821943159908232,0.00040582294853022373,0.00022259620480418162,0.0002429569635740424,0.00014336536393312705,0.00011940944454813776,0.0006166071839232793,0.0003676730198988502,0.002472768465643334,0.0026151477420892034,9.015392561324576e-05,0.0004924814159334649,8.34840471809465e-05,0.00012888924332522908,0.0003177220955693792]"
portfolio_margins,Portfolio margins,cvar,80,1.0,25,2032,279.60492516923625,265.00560512221773,5.221410187314119,0.1049831404352863,0.8374052014254114,0.018850772402626885,"[0.0005053727020046323,8.679344231613913e-05,0.00011367162448853818,0.005243125496189245,0.0002928229920948188,7.607113981767459e-05,0.00020830399393010406,0.0007979278976532667,0.0024834356053108648,0.0002516232307724359,0.00038599006053155585,0.0009622835871341961,0.00030963098363552506,0.0002895712168277476,0.00013427116573710402,1.9684883295104465e-05,0.00021403508953064706,7.817714153392796e-05,0.00016530614600753703,0.0010804641091460958,0.0016997882615968475,0.00013698420497612517,0.00018222883253004506,0.0009622759587220117,0.0002117938959784605,0.0002375217779541538,8.076954199484795e-05,0.00014739749788275882,0.0005899702671795336,7.017231569224926e-05,1.3138321173795711e-05,0.0005771462886732945,0.00046045552460645113,0.0004233398691709813,0.00219852028069685,0.0008136193610241237,0.00011871050202427037,3.385773952816567e-05,0.005249157021764315,0.0004957115233355489,6.240911129501257e-05,0.0005666999837192945,0.000213701694873576,0.00036134707604744556,0.0028068072574261587,0.0002171005838808851,5.003655961656602e-05,0.00020506051041034563,0.0029119878707553346,0.0002677971916831752,5.363274863014291e-05,0.001470962356852403,0.000800075970959795,0.0003028654315456196,0.0011606665535742891,0.00018206777482757006,0.00018401517429657624,0.0005919244293749675,0.00015147756772173715,0.0001283091462246076,0.00022561179461403662,0.0002326142107125865,0.0017598774444582772,0.00033574390666650294,0.0010301104918303363,0.0013831909823035595,0.00036579171232217913,0.0004272613974373844,0.00013630643798971117,0.000603195565647865,0.0001857249455306439,4.681633523409864e-05,0.00018228116340931712,0.00040088635340293385,1.4627147603817543e-05,0.00019530378164530688,0.0002480529365725316,0.0005277896299323876,0.00013561921260005842,0.0004731280619089755]"
portfolio_margins,Portfolio margins,cvar,80,1.0,26,2033,279.60492516923625,271.18020938989065,3.0130784621359523,0.08132905088717243,0.9050873165305247,0.01882018882578018,"[0.00021484723253280613,0.0014615979077267222,0.000459777320696401,0.0008512885651276009,0.00030976772025097184,0.0003032747789721342,0.003083191442225168,0.0005735316675188884,3.67733881210375e-05,0.0007316604662438762,0.00011595570682697452,0.0002332436108088784,0.0011721175988257952,0.00025660724197660483,0.0004790859306651965,0.00035526137011980573,0.0009179291442115847,9.731127726709576e-05,0.0003803087933372359,0.0002473880908461342,0.0005761808487876399,0.0006115531815120045,0.0007093885926277584,0.00019709708450459397,0.0009179661582406011,0.000476282360891705,0.00045395351370713076,0.0005872343504004111,0.0020951246218689074,0.0005571029541822271,0.0015027191773231455,0.0005946892271436158,0.00020119003424890383,0.0009474397436548561,0.0008142641545595127,0.00014917500195292158,0.0007088031186237684,0.00015730578704967505,0.0002938314917639325,3.9347901619678475e-05,0.0001882712772109172,0.0008010383483212744,0.0001293630454716474,0.000607378189749385,4.487234662904023e-05,0.0004553583355844913,0.002908343823344396,0.0001778661198463324,0.0012614193340793126,0.0006016488898517057,0.00032949484679639337,5.594173244105137e-05,0.0001604403818562291,0.00040510479391982473,0.00012107168479105507,0.00018332821128173898,0.00029900524981336463,0.0004392361436383916,0.00021483717627673014,0.0010272189315934615,0.0004361467050707805,0.004066452544358622,0.001036192516147399,0.00028832783337866535,0.00033708429497060185,0.00106219690980829,7.671963258204313e-05,6.391360546744208e-05,0.0009815677965617092,0.0009669933290015662,0.00032081501311883036,0.0008424592100704287,0.0009002838505793878,0.0005026870643564653,0.0008012210583479057,0.00015713478878509523,0.0002337157378561528,0.0011896144039533565,0.00010948415939617035,0.0003441821247284481]"
portfolio_margins,Portfolio margins,cvar,80,1.0,27,2034,279.60492516923625,264.45006121516127,5.420099071896609,0.14895463357288913,0.8303201880639337,0.01885618402341278,"[0.0013466713441806111,0.0018517042234337145,0.00022956880813303264,0.0002302236023809223,0.0002013404154212339,0.007447731678644457,0.0008249519979848721,0.0007269757156550866,9.18137656121809e-05,0.00024277585428636106,0.00024703918162883546,7.914568868795065e-05,0.0004474783406941683,0.00015781995545761875,0.0005101604662805642,0.0004425398947260649,0.00026700832980420267,0.00021872625673170917,0.0005231120465152778,0.00011090135012035464,0.001188289958779883,0.00039948264655557963,0.00024915260200717316,0.0001863638894938517,0.00041155355462717724,0.00018672666780140875,4.4765925629796236e-05,0.0021700958067469175,0.0011350676687849057,3.460437953027845e-05,0.00012029727775531326,0.00023566315157094384,0.00044732535248336296,0.00033296237890720744,7.400143969177573e-05,0.000565703270034796,0.0002587149175992803,0.00024350063704315603,0.0032985029163670973,0.0009013761701375336,0.0015527899803272555,4.9741485846651264e-05,0.0005031849617643887,0.00035384488542001386,0.0002315757334688757,0.0002467706544370391,0.0012273941569435963,0.00028472665859337646,4.719559464977372e-05,0.00016358055306768182,9.038799085842363e-05,0.00025455474428884935,7.484366011953553e-05,0.00017986627137027222,7.171208999515401e-05,0.003976631372332413,0.00012503605467859187,0.0010214865692251196,0.00028889085862123437,0.0014219316902351167,0.00038709991110903166,0.0011402466213543616,0.00034530704858928753,0.00021694316589135346,0.00020526487629657922,0.00016372648827996436,6.69698074178294e-05,0.0012409279805742036,0.0006207472285523057,0.00030054035516226366,0.00013911668584146183,0.0024554006659499076,0.00012821038450549715,0.00029514531284846417,0.0009953073160601964,0.00016411812358805314,3.284168762840645e-05,6.341287947076257e-05,0.00014744627869344172,4.324168801660678e-05]"
portfolio_margins,Portfolio margins,cvar,80,1.0,28,2035,279.60492516923625,270.237208891913,3.3503402243909965,0.0760641057519049,0.8949919465189516,0.01882401367535004,"[0.0005033886431989059,0.00021791336473167214,0.001429213968643029,0.002143186108842126,0.0038032052875952463,0.0004572386351376378,0.0016067968030952806,0.00012462590773898145,0.0004192090486483135,0.00011300834328364137,0.00021914997710908738,0.00017738792501629762,0.0001704491726261016,0.00013298612589521076,0.00019194141066284346,0.0009001212026201068,0.003796583958540649,0.0015773296908704526,5.697105995569942e-05,5.221735568041942e-05,6.492885811665518e-05,0.0003795325945142635,6.216954826257558e-05,0.0004963098263402488,0.00018374543639888385,0.0007927506468640424,0.0003518807199744714,0.0021845867829088637,0.0009929759527432234,0.001021475553280903,0.0005841905014858604,0.00010522188357224341,0.00010529684673710867,0.00011734005272800692,0.00046590590552556086,0.0007651705895673124,0.0004247764530494166,0.00011454681241743957,0.0005892224497229334,0.0003972187494704172,0.0003424901301352464,0.00024381080595935328,0.0008514939776256255,0.0006467432405742793,0.0002588387844222891,0.0008377710754193749,0.00042483316643063555,0.00019579246004888129,0.0005627014548842632,0.0003737224540478314,0.00010987359991645107,0.0010871018992894394,0.0006945365153875573,0.00022621770088668261,0.0011182295834465568,0.00026748488061878613,0.0004970470048929607,0.0015565569675935567,0.00031866132666679206,0.0014894321403018406,0.0006989549098118451,0.0006270171101025623,9.832097399321744e-05,0.0006076541251187045,0.0009061045679280055,6.849821748283935e-05,0.00018937434460244946,0.0003911348958910553,0.00021217183855829565,0.0015132548385697192,0.0009954348050627585,0.0008332879102490536,0.00015733162526131595,7.4428927598457e-05,0.0003469494566666301,0.00010901890449268681,0.0001689568286990131,0.0001556658885005682,0.0004400494962705233,0.0010108810130197753]"
portfolio_margins,Portfolio margins,cvar,80,1.0,29,2036,279.6049251692362,268.3395754102907,4.0290240782156905,0.1296923338676203,0.8722523672329187,0.018837173473932982,"[0.0013227176342440708,0.00014565594660741782,0.0004802710170366933,8.351205982634987e-05,0.000155493118618892,0.00035009432818381575,0.0003657966898574528,0.000443111414534726,0.0018175751526091257,0.00018490745679280714,0.00026921154416554845,0.00026742755450508414,0.0005069070996584702,0.00018407826201339105,0.00018597598094505168,0.00047065396963649953,0.0003551602554547656,0.0005573297026850525,0.00020370982469019008,0.00010673209623373354,9.522893941816547e-05,9.29620671630291e-05,0.00020884181283460312,0.00016103520038513697,0.0015252249145444425,0.00114695899320645,0.00027055772956210104,0.00019210752112057685,0.0031570852117379306,0.0003341519249201019,9.638453318117248e-05,0.00023543910053444285,0.00034874397399374356,0.0005030123316244777,0.00025418345980372483,0.006484616693381015,0.00012947961321638446,0.0004423984736069671,0.00033767958366493097,0.0003307043804663914,0.000663846694726999,5.643219348706773e-05,0.001155912591756471,0.001451477903292626,3.438504639295239e-05,0.0025348763401848,0.00032414463484755127,0.000959029282713364,0.00015605249757692582,0.00023661507672051947,0.0004669298921774752,6.643043411081437e-05,0.0004820977137532895,0.0009079755978108924,0.00030794053948861636,8.704957562998656e-05,0.00120742846310287,0.000877028487615252,0.0013571145701494851,0.0006689244700929625,0.000268469083556444,0.0005765331010913623,0.00015217507629459255,0.0005008398870463343,0.00039521132529905003,0.000857979014969108,0.00017127932805724455,0.00026187000648996334,0.000587589239336272,0.0012196203345881023,0.0003589400552361423,0.0004391774481039351,0.000748704233044791,0.00021882743016024775,0.0003435743970439108,0.00019400381138653862,0.0002873032997817385,0.00018550777384118393,0.0007966449716541367,0.002630940610723058]"
power_dispatch_reserves,Power dispatch reserves,bernstein,120,1.0,0,3007,473.4520584710534,455.4839537117178,3.795126547207565,0.105848165284363,0.8702994105468728,0.004983674229130743,"[2.800416510541353e-05,0.00031549559788704006,0.00023580158480904147,0.00016522298754665429,3.789014530980243e-05,0.00039169277396530327,8.058627852153169e-05,0.0009236947409648093,0.000726828646743107,0.00019794767047951215,7.212651385977201e-05,0.00018363231213147342,0.00017059340226573588,0.00026352579352240227,0.0004905602511914008,0.001118078052504538,0.0002894253212476376,0.0005373863458247255,0.0001184408816506192,8.286770967041757e-05,9.680040135524042e-05,0.00010230421516660461,0.001471866340535775,0.00026284588030669255,0.0009794011931830104,0.00017149745888895242,0.0001427531334067164,0.0005424800061797734,7.365506095790498e-05,0.000455456004356948,5.792637600616496e-05,0.0012910982447764542,0.00036708223110755857,0.00013994681841579857,6.292511960428765e-05,0.000298674246992472,0.00011024097715304454,0.00023426489890055038,0.000220808696861827,0.00022636910422452403,3.417619037090039e-05,0.00016953644444182977,0.00022082494359612983,0.00019995498822852754,0.005292408264199852,0.00019224569657841535,0.000729560536746684,0.0006681318267184873,9.108793464656769e-05,0.00017808614573022467,3.420248079021126e-05,0.0010779975882342064,0.0002316854712443603,6.952906014333406e-05,0.00021163047222945723,0.0009184107953585307,0.0002649774371199569,5.365585231321203e-05,0.00012461158949615637,2.720156871456423e-05,0.000329971656820508,0.00016052501700661656,0.00027763562067744264,0.00042693788565114125,0.001673383984539719,0.0002528800742388253,0.0011827496235199695,5.078466352557261e-05,0.00022362908101590528,5.2845893434659134e-05,3.007194936279778e-05,1.9621518055912568e-05,0.0002438227480799582,0.0010606348054968107,0.0006213691033283442,0.00028760841382654873,7.927419794747963e-05,7.964507583853195e-05,5.320873364081273e-05,4.6708590109127633e-05,0.00010973114306492067,0.0012597705846317418,0.00023299580489864313,0.0001339866399595214,0.00024378068893621808,0.00034712970517025753,0.00010298152840340759,0.0006335237518958023,0.0022086054682781712,7.850032067122415e-05,0.00019129808503130078,5.74189478177589e-05,0.00031340927144819645,0.0001850894889202838,0.0013993562996262648,0.0009002421374162076,0.0003641180100279105,0.0003439994947073807,0.00015078318678786955,0.0012144896544880458,0.0013433653476557506,0.0002603199343336381,0.00010028582273205766,7.133186774357017e-05,0.00133601971847824,0.0004740391693658487,0.0012847538838980412,0.00017442664764273533,6.315262935460534e-05,0.00033726948988652746,0.0008377864684769479,0.00012974124512790956,7.095131428700113e-05,0.00022698675585266544,0.000477627124490569,0.00021272214446699375,8.476765685825524e-05,0.00020007222685099535,6.89638386694806e-05,9.278499487464789e-05]"
power_dispatch_reserves,Power dispatch reserves,bernstein,120,1.0,1,3008,473.45205847105353,448.14027866000646,5.346218135113381,0.19145084446586302,0.8129846198656123,0.005113426582414416,"[0.0002520606471228907,0.0001810265234651092,6.322440501479388e-05,0.0003834693381228041,0.0007391337575240297,4.5772583521299146e-05,9.516706367818766e-05,0.00014823164288737427,0.00016424590270800403,0.00021504631496667756,0.00019092699523881577,0.0003936266126972174,0.00021157104639923512,0.00014090239138997538,0.00012699281177015861,0.0007144806243130731,0.0006037090884833578,9.741321416780652e-05,0.00015188994247933562,7.453062458404229e-05,6.496601126239475e-05,0.00048116804138588655,0.009572542223277575,0.000188673304768744,6.627914951250666e-05,2.2581827605176216e-05,0.00023942501418777493,3.539997226396231e-05,0.0009633114618688373,0.00011266191702026828,0.0051834987228522415,0.0003517852931620802,0.00013302325856779862,0.00010812924151247543,0.00037949391301720563,0.0004887174346089643,0.0002907944015633387,0.00026934789730486243,0.0002842881086038205,5.777074759693358e-05,0.00032264302528160814,3.9101217314966265e-05,0.0003625252391844726,0.00022174791560942766,0.0001617172895274086,0.00015367175840295478,0.00013924241352417354,8.636231224612258e-05,0.00020165653055292525,8.663171543843318e-05,8.579239851070026e-05,0.0003669337518849796,0.0008271040944188403,4.744094469614681e-05,0.00046363963158174107,0.0007244453995881165,6.969071668367746e-05,0.0019382040419617767,0.00025536560624810913,0.0003542980757166191,0.0003530833297581331,7.314267337487908e-05,0.0005553194380422825,7.646331112112556e-05,0.00011047394487011884,0.0005776545863172698,0.0008396759668266665,0.0005191873933248802,7.780044926479794e-05,0.00020309396824139418,6.304886088371015e-05,0.0011042909055308055,0.0008251505070990574,0.0001365187245640738,7.320485212118007e-05,3.289458298127618e-05,0.0007444805659066747,0.0001695919121561891,0.00018297514427058416,0.00010184113853056343,6.302081652672338e-05,0.0009656467444603403,0.00019574705436489905,0.00021848293919875597,1.6650557805316478e-05,0.00017736907173254365,0.00028217968918476494,0.00010328179824653895,0.00048295287457638097,0.00010559709422941625,0.0009336982326224293,0.00022418138081444595,0.00010670114057693798,6.977802753602266e-05,0.00010980655760700942,0.0005015991506313272,0.0005517772969365867,0.0005107966825005406,0.00013439314876586387,0.00023329266585166053,0.0003399231151404989,0.00032280180617797307,1.9768758571984122e-05,0.0001474807522789978,0.00024971690560148153,0.000110682691697716,0.000334185442649743,2.9889024107237468e-05,9.474542689170002e-05,0.0007884159064584064,6.826938094019636e-05,0.00030691051847219007,0.00011032872274222119,0.000313634093222641,0.0006342898465070267,7.909345641523218e-05,0.0006050027771765502,0.00034763354356982535,0.0007356450886945563,0.00035924401239807117]"
power_dispatch_reserves,Power dispatch reserves,bernstein,120,1.0,2,3009,473.4520584710534,458.25796633734467,3.209214504796098,0.08745705444577193,0.8896685354874784,0.004950934618012889,"[0.0007339077845864322,6.164585819827243e-05,0.00036718045788275536,0.00010781604778898184,0.0017841009862724678,0.0006439416294846201,0.000858154714638876,0.0007430060735668718,0.0018996116736747916,9.519989556986056e-05,0.0001321019073637998,0.0006081357491923372,8.537524131664744e-05,0.00039121544365079556,0.00016195329872745274,0.00022748333885673394,0.0007324812001656819,0.0001681724504463372,0.00035262123409109797,0.000583356442283261,0.0004119139484448935,0.0005884834967364446,0.00012027257588698154,0.00012650510621483682,0.0005309570428277926,0.0013703284719479175,0.0011456028299156014,0.0004281751470290144,0.00031155391581334465,0.00014666906488021864,0.00042669312601673266,0.00016314559409597279,8.739626353977735e-05,0.0002456807684631828,9.346122868580646e-05,0.00037464423096749213,0.00023152513536973967,0.0003024445769678225,0.00013645330188175264,0.0001263031015578309,0.0001396191065006816,0.0002284439679803904,0.00036679754769946595,5.916314000803608e-05,0.0003849767598700956,6.245365565502565e-05,0.0020471017945044353,3.905626688856724e-05,0.00010949945252683143,0.00020004957591877442,0.00012972931615177488,0.0006727863665238103,5.931975197675826e-05,0.0002783731779981371,5.693199314196281e-05,0.0008217289057079097,4.6085331745191854e-05,0.0024794258645776243,0.00028647525184902136,0.0002463615620463714,0.00026572327793960123,9.813418373533136e-05,0.00015997524674905286,0.00021516203074073258,0.0003487371198028317,6.744512278644899e-05,0.00046367007548868937,0.00025598121413526373,0.00039777610171597567,0.0004851137707138404,0.00015607865211846617,0.00025142714592354834,2.0903176263372777e-05,0.0005764578407611019,0.00017760561148803559,3.744348015151251e-05,9.085471218565026e-05,0.0001412993460927232,0.000507016679143955,0.0007725533953614276,0.00018140849034327101,7.718912382924999e-05,0.0005019577478070806,0.0002580541463404522,0.000476876930400321,0.0001372006056006638,0.000392131693465228,0.0012597915943401688,0.00016079851564874893,0.0001561009551409367,4.980289476296235e-05,0.00022285079291126068,4.5763981882756974e-05,0.0005776817510253268,0.0003795315361026145,0.0007992970305457652,0.00011210018526785985,0.0002457175272727365,9.175699167881832e-05,0.0005831641567884953,0.00030510340533514027,0.0013242992099278166,0.0004757357089371914,5.7470059071234846e-05,0.00014205017376864548,0.00014994006599994118,9.27231021214164e-05,0.00026354318473752994,0.0006157365901815512,6.928758588441987e-05,0.000301517029167601,0.0005258749301135611,0.00026351568698323546,0.00017755753077158576,0.00020106237397273292,7.615596241377527e-05,5.7687860377937805e-05,0.0009179101076006724,0.0005913927315987053,0.0043728527222864555]"
power_dispatch_reserves,Power dispatch reserves,bernstein,120,1.0,3,3010,473.45205847105353,451.1606457704892,4.708272422038099,0.12790222713549357,0.8385185390075076,0.005046279590886586,"[4.657376974028131e-05,0.00011754156661859927,0.0031759698747645644,0.0011818396279724623,0.000543114583263463,0.0003815361262297216,8.743255426580102e-05,0.0003730264541817558,3.3205023653459065e-05,0.0015063122147068982,8.885215947224479e-05,0.0001702570538852275,0.00018185853612640794,9.691089100184035e-05,0.00016074008983020286,0.00041630379798846266,0.0006266078142525591,0.00035402107575042486,2.173215381354841e-05,0.00014668847371052698,5.526183128206206e-05,0.000463379536334286,5.263733600747818e-05,0.0004886781117966021,0.00021790576928867544,7.415374449200405e-05,0.00011425979651024255,0.00023700364133737704,0.000304253193278907,0.0002111937058429854,0.0009977732090034413,0.006395111356787965,0.0004776801834350153,0.0004503339695387927,0.00029600637692530555,5.793623728287541e-05,0.00012183201182507832,0.001886371203396097,0.0004586793454129849,0.0010722397272508132,5.42949684538048e-05,0.00011352068424399351,9.907025809783917e-05,0.0012746307332473453,0.00024691562546898824,0.00014586124786067052,0.0006930220524368623,0.00045282452493830084,9.381053410066597e-05,8.109772235248828e-05,0.00015773553826052696,0.0003561468558504215,0.00014864198807218524,0.0008226908461830156,0.00018042174882713444,0.0005873919049031433,0.00016029667853806074,0.0009402273781013598,7.335183249048693e-05,8.212015388874722e-05,0.00034607020647947157,0.00020362754092459286,0.0007518244622553808,5.4298057249910203e-05,0.0010479926798754777,8.61089481907221e-05,0.0001296565229278356,0.00045288687959356075,0.003024834670515806,0.00015006094992258404,0.0001879980837573852,0.000182226080252349,7.636318130636795e-05,0.00020349183892348567,0.00012135420932242097,0.0002333582616890245,0.00037927054469337473,0.0007436516076494238,0.0006125313456847263,0.0003952296695379794,0.0004999617717296546,0.00014827898838365056,0.0005797857059668505,7.100818232036923e-05,0.000307419530989561,0.00018378917429641168,0.00013122796391174392,5.494864062177987e-05,5.1912642053629827e-05,6.579444879010267e-05,4.95203294876425e-05,0.00015586787814602054,0.00020643410364754413,0.00010014844893008052,9.275939150930677e-05,8.321603999008229e-05,0.00018354534729425658,5.533953618495407e-05,0.00011557149314295968,0.0001545822232213084,9.219376632005455e-05,0.00017614654561872332,0.00013402325461617335,0.0008012579672485482,1.697818077897127e-05,0.00256991620959342,0.00036549934525765675,0.00023230758771937724,0.00036315479548322576,0.0001013607227653717,0.00021900221828810503,9.842225867296396e-05,1.3807180412208153e-05,4.3696225214887765e-05,7.277444999764565e-05,9.907437006442579e-05,4.4580861509958624e-05,0.00021681459333809606,0.00043439167381731863,0.0003233628074434785]"
power_dispatch_reserves,Power dispatch reserves,bernstein,120,1.0,4,3011,473.45205847105353,460.598986088548,2.714756890911561,0.050836913754717404,0.9076899431694447,0.004914687549244321,"[0.0011524147265661753,0.00024273357017554623,0.00014517523615580606,6.819532319684584e-05,9.937603013724428e-05,0.0007007511533886075,0.0008289849972265802,6.853482957736514e-05,0.00014815616442640482,0.0012423584346067853,0.0008192860415177686,0.0005680229722864668,0.00019935637721909052,0.00010195089319443104,0.0009426153145825814,0.0001955841058507766,8.114902462490054e-05,0.0008503662192837966,0.00054767723770046,7.213870605675873e-05,0.0001720981653801764,0.00016992128381455748,0.0001472791239353726,0.0001914609660451291,0.0002495214758057661,0.0003144341730109655,0.0006921477786692907,0.0006949097941950155,0.00023709567605786374,0.001227399005665166,0.00028243397854641557,0.0018512225246635405,0.002068832304550941,0.000233605661378097,0.0009855139018074422,8.293850250576876e-05,0.0003815475372154213,0.0007800165022861212,0.00014272220762465515,0.0018274048962603634,0.00024227728754450256,4.5942117434521974e-05,8.574689732427984e-05,0.0007796436610884344,0.0007997216229361687,0.0004220615475837111,0.0001641962478399643,0.00023424276350991137,0.0006320934405570824,0.00018019900039267924,7.442689941012705e-05,0.0003418870961184625,0.0004081738366890999,0.00015193113025806495,0.0005247150025739311,0.0004216833016400429,0.0007906904006835913,0.00014929905853263505,0.00024349908950813123,0.0025418456877361164,9.508973361453e-06,0.0001527986699388115,0.00010756593044696735,6.187544777950822e-05,0.00017239720119976455,0.0004103794466438401,0.00043745748985699447,0.001402696867070792,8.0694377388455e-05,0.0002044609989390981,5.635276011590086e-05,0.00014741114276188398,6.753896412545268e-05,7.199519053648303e-05,0.00030888143373490194,0.0002103835730988924,0.0003136460563958202,0.00010800475286939304,9.786754097961805e-05,0.0011336549347800646,5.149323305277325e-05,0.0004976829988804331,0.0003604421173548551,0.00026524886137073173,0.0005697454976935493,3.2746347976039396e-05,7.19453110029751e-05,7.884607774963473e-05,0.00030264512831669076,0.0005252598238844902,0.0003211594146896018,7.43710648765853e-05,3.512630865594644e-05,8.368361091992346e-05,0.0010143432482041695,4.8385147735096405e-05,7.607154778047076e-05,0.00022463533497543708,0.00024056847647836336,0.0007736172912024303,0.0006124090341301787,0.00014077457456451378,0.00027006906914124184,0.00018823470551950102,2.2234167353108846e-05,0.0004017431604125463,0.0008668812784132122,0.0005243509653247874,0.00039793025820831395,0.0003724678254413752,0.00021015116868627074,0.00023597881143301434,0.0006908062284572369,0.0002823145788391037,0.00044834222661161913,0.00010311245835767762,0.00043576406291240136,0.0011550520989443256,0.00031624511577264293,7.994071010355729e-05]"
power_dispatch_reserves,Power dispatch reserves,bernstein,120,1.0,5,3012,473.45205847105353,460.59810806146453,2.714942343074612,0.051116292138748715,0.9074731686029619,0.004915847411891104,"[0.00255581460692371,0.0005649766154821058,0.0003777389840054605,0.00011567600572738665,0.00028440687047951823,0.0007598477269889423,0.00012916985204634743,0.00012976041924418045,0.00026427608334572,0.000983537868784236,7.779522346587467e-05,2.5441441428329107e-05,0.00013300322870551994,0.0005698741246191854,0.00034098500524879644,0.00021285315113505493,0.0005340708949357004,0.0017053781000867228,0.00035912117926105837,0.0003514807903584705,7.178877919877515e-05,0.00043522080071853135,5.205972539601053e-05,0.0004840903009697315,0.0001207381483770984,0.0005423875689399022,0.00010751964680632406,0.000226288393519041,0.00025725170045988064,5.004535994358784e-05,3.898144540447612e-05,0.0015155481755653316,0.00019488091335446569,0.0003509993156597624,7.95950936712498e-05,7.662722637622135e-05,0.0007699892214070021,0.0006606744274310771,0.00020157225471193138,0.00027921979896305396,0.0009855783561742667,0.00025109473111904285,0.00024679766874019374,0.00013425447403327915,0.0004322333174282891,0.00047970271411195477,0.00033685101590954754,0.00020074575981200254,0.00041074287393000726,0.0002653368005739767,0.0002981303247490406,6.42009916174637e-05,0.00026081565980958784,6.444652344694745e-05,0.0005096066916211348,0.0001146992074738678,0.0016224299095712203,0.0002947621487905276,0.00022918189438508012,0.0005686278727188316,0.00016301521311416273,0.0001390186059696335,0.0013545568038303393,3.3965611322347986e-05,0.0005834794927320327,8.011237713960825e-05,0.001179480991085423,0.00038522450891228914,0.0007852858332457284,4.783364315790298e-05,2.112234716422233e-05,0.00020915701765931944,0.0002831072273820092,0.00010937935179814725,0.0001141304476139149,0.00015485755256437902,0.00042590094875277036,0.0014015327774041983,0.0003420395077340928,3.879293457742623e-05,4.81972574423442e-05,0.00047267556655563594,0.00019384156615414265,0.0004337793917151703,9.908986970649474e-05,0.0014148002348796306,0.00016670522253614518,0.00037336258964450794,0.00018759187379409494,0.00015984513376149926,0.0012297403621319854,0.00043676972573986484,0.00024824265670088093,0.00018913325577209696,0.0002673648328015985,0.0001868767958118537,3.309253944751677e-05,0.0001259307428322089,0.0004881095595509075,0.0017500335292964543,0.0017872801168789525,0.0013396047872500372,0.00028485863868074135,0.00011455348066606999,0.0007519860441213415,0.0005787071951124947,0.0005784714529139168,0.0006247514042607121,6.964120470758224e-05,0.00010761804580406423,0.0003778966146917171,0.0005432516245137835,0.00012660969332797616,0.00041278143679221565,0.0002682813080748105,5.167724802037559e-05,0.00011942573908692053,0.00033665146460026997,0.00020260652185128745,0.00020524467377919708]"
power_dispatch_reserves,Power dispatch reserves,bernstein,120,1.0,6,3013,473.4520584710534,455.2179370027387,3.8513131672083585,0.10124247673792833,0.8677179766198151,0.004991043783801877,"[0.00037601028154023966,0.00017168504084098406,0.0003986153226515003,7.291482656625941e-05,0.0015075030505214751,0.00010885187185963319,0.0011636307239183,3.913376302105962e-05,0.0036959895112886063,0.0007845267884689733,0.00018728998209689506,0.0001914697644399755,0.000112470382770485,0.0002599396854165838,0.00012535181692618832,2.7101998195299872e-05,0.00030308094008669133,3.221895811040291e-05,0.00031356709317933323,4.459680551325841e-05,0.0002895749957457011,0.0002196893251756335,0.0012588955307503231,0.00018060445346618383,1.692641905681308e-05,5.796815674799582e-05,0.0005569443625289948,7.113770196257874e-05,0.0009583170330942961,0.00015751211904874868,9.218969412296066e-05,0.0001046317537025911,0.0003373401164818376,0.00014602531135274855,0.0002367908209338948,8.553859181082866e-05,3.107073450201665e-05,0.0002479286871413347,0.0003051328621668164,0.00010502625852808954,0.0003179810977867527,0.0001527870711039509,0.000766152560757684,0.00010997335108668585,0.0010284288266141257,0.0008308783627353085,0.00029766586717306146,8.237983807340925e-05,5.07031776490552e-05,0.0007711228638286969,0.0005125934396258162,9.746173695563768e-05,0.000229278580696127,0.0004725155174734342,6.356015204936043e-05,0.00025562719816723503,0.00011647931750689245,0.0001267732160625049,9.701861667444638e-05,0.00039875921128161953,0.00017356747214963635,0.0006166746238809868,0.0014179845872509553,0.00022343653256357268,0.0002547436849168667,3.137685917364326e-05,0.00012249196941140279,0.00032292679576131103,7.984191363202321e-05,5.715254549932229e-05,0.00013451741865245034,0.00038444294379278647,0.0006293854456788496,0.00023337421213771886,0.00021434453043588802,0.0009170861752913146,0.0018392342770949207,0.0001378139187148035,0.00039110371830845586,0.00038567654019746494,3.710143356447625e-05,0.0004905877605906716,8.581001591130216e-05,0.000224316344166021,0.005062123836888127,0.00022040063114866354,0.001312920132659393,0.0003292859821210174,0.0003313461345063579,0.0002329211980137267,0.00016718156896312843,0.0011473412360821303,0.0005326489953979668,5.060167127108219e-05,0.00017093883612772476,8.670525714967107e-05,0.000291731881468147,9.596076320458263e-05,0.00024321823694227024,0.0002333182271342089,0.0004710916623152236,0.00010563352434767053,0.00011631371399237073,7.711550040410218e-05,0.001593307971675746,4.926972956284024e-05,0.0003639246531821588,8.549003257802515e-05,0.00024644245002037045,0.0002817244909956094,0.0003223398607345246,0.0005487447950381449,0.00021692559029711815,0.00012041646409175004,0.000496539039667035,0.0004016112497783946,0.00046803854024344134,6.127330373605445e-05,0.0005301252962219342,0.001376702284146233]"
power_dispatch_reserves,Power dispatch reserves,bernstein,120,1.0,7,3014,473.4520584710534,460.6469763394211,2.704620647966879,0.08356830932460883,0.9068306458607924,0.004921024118955832,"[9.130332959512867e-05,0.00022816848030482911,0.00023342660016900776,0.00021382126712557437,0.0005478578916469118,0.0004555947013539851,5.015708861144578e-05,0.000492551443659952,0.0001275930346005188,0.00045866726406939586,0.00026355209549377544,8.00145687871934e-05,0.0002444903392764993,0.000490104232989343,0.0003064566525799344,9.896640049270535e-05,0.00012241115590544687,0.00035307188994740705,0.00046372691965161,0.00039326064298511734,0.0003915164996715528,0.00045653861314001547,0.0005087237520085001,0.0003824823099483805,4.5125395488065405e-05,9.727617028602785e-05,7.079965996724375e-05,0.0005222294298163623,7.00164448176848e-05,0.0014373035308656074,0.0004032011486340302,0.00039724718588588425,3.951811061537525e-05,0.0002302892671896542,0.00017870600712829697,0.004178415466234403,0.00016129384667857888,0.001395717042146616,0.00019029230519664064,0.0015224784878553005,0.00011828695248627651,0.00030321085929843844,0.00023018523530631398,0.0002485483858519648,0.0002620345117494712,0.0008384216379589962,0.0004085932169272056,0.00040423448673413185,0.0007254004157901674,0.000306624582028963,0.00013036603493777308,0.00010731879381341124,0.00023986299377005445,0.000803520279303436,0.0014622826584675427,0.00024343895168508567,5.3630718864399566e-05,0.001209160099329669,0.00010593387500230963,0.0001647812570575041,0.00015704736937163783,0.0006405109987302442,0.0005364713665513476,8.61161097944276e-05,0.0005699306480733715,0.0009903573598926876,0.0003122915105905615,0.00029662829136520503,0.00019615530842277494,0.00021008173213494787,0.000337498330487504,0.0003419574553035605,0.00016209270818775873,0.00023159354120989937,0.0006797267141429689,0.00018343595313811097,0.0008241719439029079,6.15754776176071e-05,0.00011598417161703569,0.00014091126533057752,0.0006077499147341691,0.00010398993977119104,0.0014518427936217955,0.00019353769105462447,0.00024551568909308215,0.0006067182794221852,3.8406648903772124e-05,0.00014884676795913807,3.607720467530164e-05,0.00035435062356579,0.000581068356592237,7.429887045619965e-05,8.871719273333649e-05,4.1872926557202066e-05,0.00034428639766149625,0.0001540245416551842,4.1329403047184905e-05,0.000113805503740977,0.00013311622267641888,0.0005330620632542798,0.0011355091680529902,0.00026349516794437687,0.001731207728085463,0.0001370180962472095,0.00019570730349708165,0.00027362117134027523,0.0008114929780890556,0.00035671536682180846,0.0005883360671640884,0.0008286019809059858,0.001122924580197681,0.00022559320432096255,5.5491493845796885e-05,0.00045669331400718076,0.0004856095332587624,0.0005449941307739943,9.911733500319193e-05,0.00014020381193717243,0.0004052807734723585,0.0004150288888581469]"
power_dispatch_reserves,Power dispatch reserves,bernstein,120,1.0,8,3015,473.4520584710535,458.30545830613414,3.1991835063159595,0.07780668605501406,0.8898948015404752,0.004950968518454492,"[0.00039199257457670444,0.00013563153520128134,0.000504515030399963,9.273109456425385e-05,0.0003862774334473508,0.00012007796948677457,7.570195972046044e-05,0.0008504734814654732,1.919936337001786e-05,0.0003493696724163746,0.00015101725608732716,0.00027696959629517704,0.0002039897220181563,4.687793261125169e-05,0.0003558913453756254,8.902111822491719e-05,0.00048254969555183133,0.00037708254318385406,0.002368254248968321,0.0003895043382328935,0.00013803597442799947,9.488673108970033e-05,3.816954545172051e-05,0.00017376363544727153,0.00038479034690915893,0.00031742442005550705,0.0004890601061912853,0.0011921365320641936,0.0005850320622896553,0.0013285707683461543,4.1097880947120024e-05,4.8308069869735586e-05,0.0003239709253162839,0.00029519811763490474,0.0002050464473053841,0.00012558476944899907,9.512551749828536e-05,0.00029593446012872926,0.001234763534313987,0.0005441430990299719,0.00026692947017743524,0.00018540921505522906,0.0021696058481301995,0.00048303085768466354,0.0003999637256691045,9.359051240896522e-05,0.0002144462251634536,0.0007664007965738161,7.103036195828862e-05,0.00011090506968371131,0.0007935504566654742,0.0009059512149224296,0.00011066658467833055,0.00030783147489258907,0.00020171357602149888,0.00027078561927135604,0.0004128708312529165,0.00028803863441405136,0.003167907518230932,0.00016222537747684977,0.000137727491947313,0.00048597879440249715,0.0008262895055592053,7.200069000674976e-05,0.0001483448946267241,0.0003832698564601406,0.0003597912133844075,0.0009781908693990635,0.0003107092765245107,0.0038903343027163924,0.00038887070213488434,8.483121557827351e-05,0.00030591577370383725,0.0006694539000702914,0.00018373886203991037,0.00101764846837116,0.00024930996650260394,0.00042241973301343456,0.0003895523982153009,5.5605578899727045e-05,0.0003533376564713874,3.484934401527557e-05,7.573944100210288e-05,0.0002765918154226136,0.00014303832464977566,0.00031426520683744516,6.682170611917621e-05,5.198193367068556e-05,0.0002748326554167041,0.0004313911224607741,0.00019003132036195334,0.00012152099511531612,8.538807738458113e-05,6.674332568275733e-05,0.00023427389465690052,0.0007884925941900677,0.00015344528389447438,0.00013859247452168634,0.00024508218366283937,0.0010102570641760717,0.00018188684680537753,7.13959607784499e-06,0.0005585850997198533,0.0002386512483239834,0.0002620242116596193,0.0003703894353619759,0.00021437880220552392,0.00011913148602052142,0.0002274805569531257,0.0004854185531268841,0.00023274703510151553,0.00025691656404774925,0.0012697313843922525,0.00015053578711258825,0.000542255894368539,0.000592003847106358,3.716813931998514e-05,0.0005124671770149777,0.0001007535629137807,0.00022265063336221187]"
power_dispatch_reserves,Power dispatch reserves,bernstein,120,1.0,9,3016,473.4520584710534,455.35349044864296,3.8226822966737606,0.08869035638922643,0.8690202429034822,0.00498720717439304,"[0.00022080166016922944,7.080717422813493e-05,0.00024277431998513698,0.0010026169061517363,0.00010647814471103635,0.00036231214914771143,0.000580491528939692,0.00042619390672037825,0.00013903487881006732,0.0001189913258002502,0.00045228789861089083,0.00035870947117373655,0.00025372625096314937,9.085414132214227e-05,9.624690878150107e-05,0.00014959365721242348,0.00011855189777696808,0.000531447833365584,0.00016553226238945378,0.0007288921950840007,0.00024363389908305677,3.780374209812131e-05,2.4476867974026794e-05,0.0008132858403684021,7.190095172629087e-05,0.0006398598527598852,0.0007381441421752132,0.0011715514449332138,0.00014544591406295417,0.001121859201831987,4.3952206522475095e-05,0.0007524442413467206,0.0015396079494702957,7.043032232591313e-05,4.119465030398797e-05,0.00033131530489400923,4.3225823298603554e-05,4.897378229286532e-05,0.004434517819422224,0.0003072987773776682,0.00015387639991334918,0.00014995734119943984,0.00020662706589657747,3.2785160452361133e-05,0.00217243576149061,0.0007394445706657729,0.00011449769495773414,0.0003001869638048157,0.00045548189669790347,0.00032334557625987576,0.00011905114730391067,0.0004062140177465998,0.0003360237612282381,0.00023678282556366796,0.0013459385870568754,0.00014286592106644338,0.0006346582727387957,0.00010759774845518732,0.000421790206521647,0.00036304680251725,0.0001995090956431535,0.00034843969867339125,0.00026065301252023443,0.00014127007407593303,0.00015062115628493476,0.00013328120187289688,0.00019603712357405155,0.0002349567373769621,0.00015783409254526944,0.000527576632914276,0.00017332925475163258,0.00016203992865037283,0.0005277031726644337,0.00023718057392358948,7.714835274302821e-05,4.0138430051692236e-05,0.0001022793786151811,0.00010221201861915807,0.00018042176470903524,0.00014267375465609728,5.981171805548548e-05,4.4066873242713025e-05,0.00021197168825391,0.0025752812439462035,0.00017786984352702673,0.0002795333381054392,0.0034311321464317096,5.709502389901477e-05,0.0003211442736217701,0.00022964802860319338,0.0009146325053708851,0.0007550589380890614,0.00022955421748151406,0.0001260385750748456,0.00012168992692187356,3.869710262952956e-05,0.0002728704416130688,8.220228589905679e-05,0.0005825557869212708,0.0005399328733818878,0.00011777688262690476,0.0003465898478998593,0.000273377229876272,0.0007837524992293737,3.98241553080229e-05,2.5199982329864818e-05,0.0005597577501359479,9.687282116787433e-05,6.045647521461048e-05,7.745622385414805e-05,0.00021326223890533438,7.27110625716898e-05,0.0002596533976415859,0.0002929102246675504,0.0016265727942050808,0.0001800034355266578,0.00044015577194381395,0.0001765628783080417,0.00042488791496534046,0.0011862491600982208]"
power_dispatch_reserves,Power dispatch reserves,bernstein,120,1.0,10,3017,473.45205847105353,455.5556703458475,3.77997894506994,0.08273627319492685,0.8706170306329427,0.004983765321319256,"[0.0006557977468364307,0.00031409960305028666,0.0006122507846600916,0.00024015022133272657,0.0001060045488316796,0.0005512609445512246,0.0002884951253958524,0.004136813659713184,0.0003547090238609508,0.00018818298762295868,8.85495556144226e-05,6.198522989078021e-05,0.00036568646490214114,0.00012884708382015277,6.328760197520969e-05,0.00040190872269541374,5.424302401254722e-05,0.00011164478873485841,0.0001349216814289832,0.0002750784816107416,0.0006062972788794836,0.00019144410347030186,2.3213636770619255e-05,8.746136142990081e-05,0.00045217620663941715,0.00017895010268091703,0.00017232774330488702,0.00010069384524761263,0.000710505188027634,0.0004201400463752495,0.00031478910904482834,4.614082493667706e-05,5.3262636031585214e-05,0.0006715305878796259,0.00044416213157267746,0.0009119311168909995,0.00011699134897395022,0.00010540887381768499,0.0005041790417838494,0.0003161809280543844,3.0150177419493625e-05,8.89846610182437e-05,0.0002488904244721459,0.0008556810155726893,0.0006789560136253494,0.00022550345168289153,1.900509980013052e-05,0.0004354811923817236,0.00010883597309327466,0.0001911793780777806,0.00030128580525340913,0.0006418437152115852,9.273712277295515e-05,5.472676665125983e-05,0.00020341622426927008,0.000253376875293138,0.0028553624807044105,0.000525280675137963,7.29996304571919e-05,9.98714144176113e-05,0.0004816706452916429,7.694403801869479e-05,0.0002442912323266595,0.0002786824687813161,0.00014791810992738325,0.000220281054771401,0.00011950878030113054,0.00059827190109204,0.000389696466686102,0.00011954572121341056,0.000874627684595468,0.0001602765172444464,3.137289699852918e-05,0.0006980817971255467,0.00012065423072790336,0.00019834918903473877,0.0013585864526145255,0.00034203867145888905,0.00011096326171483039,0.0002470692842508641,0.00035548561013685847,0.0001745944609608329,0.0001370213212441433,0.00011488746811688704,0.0006662078023000973,2.7313758917263055e-05,0.00011662513497407283,5.417609080162381e-05,4.27919315825489e-05,6.969477710430743e-05,0.0009217933873356601,0.0015310241326333082,3.8257234191448647e-05,0.0003291935803734766,0.0020240403865031406,0.00047404469668107873,0.00018953914719899894,0.0001574571323377249,6.522232384925273e-05,0.00019776749264687675,0.000850464717647996,0.000274061505213838,2.9226587763573212e-05,0.0006861020129059899,0.00013708570561043475,0.00025175906229899187,0.0001623905623814634,0.0010208978204302058,0.0036656176667892565,0.00017119690632552242,0.00014139374518267047,0.0001405410697694137,3.632926387276451e-05,0.0011040577841624315,0.0009952487858416374,0.00010572952622384627,0.0001017207955002871,0.00045915463994756405,0.0011572362447118583,0.00045854583328892265]"
power_dispatch_reserves,Power dispatch reserves,bernstein,120,1.0,11,3018,473.45205847105353,458.1129630722012,3.2398413153779053,0.09727829409236363,0.889030739287131,0.0049506383624297375,"[0.000376661515030704,8.593525007046792e-05,0.00019664751611694176,3.074766849366498e-05,0.0003108328393617009,0.00032330777368707415,9.2935990225913e-05,0.0009357181224816896,0.0002059218760645811,6.799283451008214e-05,0.00016597696958484503,0.0001595711645151532,0.00010291852623491904,0.0014566941071945,0.0048639147045928515,0.00022324332190196608,0.00017576259208915281,4.481317986652325e-05,7.202827587282759e-05,2.339504992624796e-05,0.00018049092154235005,0.00020918721696371376,0.0001807833151863374,0.0008026206175632412,0.0005376492986196902,0.00014330025246168455,0.00028836314315824733,9.318101894184436e-05,0.0013688940221914551,0.00011426289891611495,0.000570867426895068,0.00014951750365822396,0.0004466844396773823,0.0001428925566317038,9.102542914516959e-05,0.00047985391724516895,0.0003313121337555918,8.974435748530839e-05,0.00011846120540847741,0.0009295729263230063,0.0005830952448410026,0.000694595169377741,0.00018427753984030294,0.00017165952007351976,0.00019232133519824995,5.747518894816544e-05,5.5826723618649895e-05,0.000370286321097584,0.0003128772450211628,0.0011382486520920532,0.0006091522224179006,0.0011786580349991498,0.00016399588860751117,0.000229676732362713,0.00041152569672173487,4.8196337785051534e-05,0.0006621160567236138,0.0010736748494792748,0.00010482851238642553,0.00022639034319662979,0.0002405187596179526,0.00013976919767896227,5.819610476924249e-05,4.9754084936295964e-05,9.372948631561497e-05,9.260096321506905e-05,0.0006698512811016048,0.0005356197422838674,0.0002081862816296196,5.534903565065785e-05,0.0010060850784046004,0.0001591251180992995,0.00030376924368027806,0.00036644731289737424,8.791267638744632e-05,4.487350471370831e-05,0.0004898895758540739,0.0002969975718683831,4.859514864257987e-05,0.0016106130051257452,0.0003088265345910154,0.000672965741656616,0.0008438646120794521,1.215575613965441e-05,0.0002258418116887109,0.0003601230724707882,0.0007459842173724402,0.0003338120897322553,0.0006406141062104379,4.0319709848649876e-05,3.742176567388948e-05,0.00016019515875311628,9.670189558064443e-05,0.0005446036222536744,0.0005153332736388966,9.06537742122062e-05,0.0011067062004129595,0.0016048658903265907,0.00020894878102376588,0.0001707359902617471,0.0008459980459215366,0.00016451460354503794,6.89974966018623e-05,8.746504880653954e-05,0.00024410622900584143,0.0005554495481068251,4.904736575537863e-05,0.0002830939227746674,0.0013594687557117358,0.0005048418676631781,0.0007501567748578839,0.0001254026600213627,9.279032749486926e-05,0.00015102779655316485,0.0006197967973033438,0.0003689572002029373,0.0001925347738566242,0.0004165695103446891,0.0008675973449891073,0.0013210652590431187]"
power_dispatch_reserves,Power dispatch reserves,bernstein,120,1.0,12,3019,473.4520584710535,456.63045349399204,3.5529690231751103,0.104804055685604,0.8777301346772174,0.004973334127387354,"[0.00013345471301310583,9.861369316690365e-05,0.0002662371112590652,0.00012706444523521998,0.00024555822753524867,0.0010788413102300399,0.0006688606268605838,0.0006168097582566488,0.0001963918024535567,0.0005094917341394133,0.00028505347233823624,0.00014665462328622647,0.0012679649421351523,0.00027870371733568726,0.0001694765805977197,0.00010068766174957283,0.001371986874844427,0.0007942046623128508,0.0005335434628533245,0.0002280786774595701,0.00039824332259793394,0.00029555352591288203,8.186996529346583e-05,0.0014976292675881661,8.982212100495235e-05,0.0012827588025323346,0.000281298487791893,0.00022437131579576796,0.0002632711814209121,6.215664391479316e-05,0.00019032765154313087,0.0015933059765888974,0.0001458778192403008,8.242231173748491e-05,0.00023558343691073517,0.00021635553220640123,0.0004297572155223352,4.817057768535514e-05,0.0005807645385853858,8.18672586771984e-05,0.00017977455746850777,0.0001540046762035355,6.658978512167675e-05,0.00021971018822120508,8.231990821330092e-05,0.0004250983137490219,0.00018865169604527393,0.0001744593859778507,0.00011944662962996153,6.969106846311486e-05,0.0005052921290751324,0.005240202784232554,0.0003235672318457312,0.00035424945274866696,0.0001181519484548037,0.00013034974493054093,0.00020575646467798316,0.00016493892445946975,0.0008242749848328674,0.00011160235425982951,0.00014932040516113106,0.000885226062100375,0.00042648840178115103,2.3254374436782583e-05,0.0010714456181413084,0.0003178489018212432,0.002065899234024585,3.04958895407616e-05,5.719564841457496e-05,0.00010797737123967656,0.000584659245639039,0.00012237242091509937,0.0006136168376669872,8.70924507396601e-05,0.00011153568398271852,0.00013863841705602086,0.0003118402170887443,3.9944768087182665e-05,0.00015165358563318167,9.449901725079438e-05,9.192340344537274e-05,8.945588537477706e-05,0.0004279973959347241,0.0003727218595825024,0.0007495863044368374,0.00029928100841751493,0.0005981021074157546,0.00011373327056956606,0.0004740813435206745,0.0010874716934608274,5.916279305175303e-05,0.0001462412973815807,0.0005871235036779973,0.00016759070922338235,8.02662284734665e-05,0.00022617378888758127,0.0005260711136906418,0.000118621148662791,0.00018419350472571714,8.778224420626072e-05,0.0006091014095403325,0.0002597037237048155,0.0009965133739098932,0.0004564432121252106,0.00015343877073789594,8.34776848225017e-05,0.00011503521728454988,0.0006483990137517897,0.0002630251371622789,0.00021566364495641293,0.0010019874976424556,0.0009566869712533518,6.189425272030752e-05,8.830717365092045e-05,0.00014415685839983282,0.00012722431145890587,0.0003554622681108719,0.0024671949354908287,9.128848720803517e-05,0.00016919362252953876]"
power_dispatch_reserves,Power dispatch reserves,bernstein,120,1.0,13,3020,473.4520584710535,458.5789717546311,3.1414134652731103,0.06627670665194725,0.8922228190496674,0.004945275065366093,"[0.0003245642381841721,0.00021605291584954976,0.00022457593069849497,0.00015485527368415443,0.0015868928844846146,0.00016625618560045445,0.0007554870973022514,0.00024027228084762533,0.0005517686787585932,0.0002485101789420547,0.0003808191650353357,0.0006689436481820415,0.000170210865932635,0.0011754302134000163,0.00026256528005686114,0.0002678450327803574,0.0002588006574216279,0.00038692648087513697,5.560962418096906e-05,0.00018162464373057592,0.00013289143537521033,7.714998966794421e-05,0.00014278599404725882,0.00019719302176858007,0.0003154849912048288,0.00011421602500674362,0.0003747769010760577,0.00019030278263136902,0.0010959366056259162,0.00010719863311935212,8.825730232404501e-05,0.0008462280202882303,0.00017772476171979012,0.0002006340068101428,0.00034953334520297966,0.00023872480129439664,0.0007428856129408292,0.00037491796885974276,0.00014509423801205594,0.00015502475413542002,0.0007591765446034048,0.001628500600679228,0.0002803173133556037,4.020797255434342e-05,0.0009274975242205806,9.337841669439055e-05,0.00014987609758268083,4.755668305128832e-05,0.0006878183223719475,0.00012034664740083868,9.239144769579667e-05,0.0001480498820923373,0.0005403807859578509,0.00014050304752064388,5.4058140506991895e-05,0.00010666928778768538,0.00013679892252194963,0.000982416017110805,0.0001934560190483011,0.0004918695652734316,0.0001925762097723583,8.962879812151144e-05,0.00011697359335545074,0.0009843872728235116,0.003313835332608035,0.0005052074235040273,0.0005127801772851022,0.0004987509730128736,0.0001658427827465211,0.0003180876609209038,0.0001269124281557239,0.00030059178207760077,0.00010248335577601729,0.00011271679016597305,0.0030829700818650525,0.0001401200724536791,6.283764785031632e-05,0.0009434355442774076,0.000250169824551731,4.3049960274467786e-05,0.00028390483833655607,0.00030268902198132635,0.0022929511372334305,0.00013468985491562425,0.00030267625509643853,9.226302944674911e-05,0.00023402419516592847,0.000160580729062754,0.0014230648110276655,0.0005045334614892413,0.0006430918280045058,0.0014702123211480364,0.0008515022799051082,0.0001349015758283024,0.0001438277785587694,0.00022696466452243883,0.0012619698570372484,0.0002584548910606577,0.00041076781649620434,0.00022473603369034837,0.00025726598158923276,0.0003128472649009146,0.000528859753385669,0.00017456194821658205,1.7780976567874604e-05,0.00017634267284489277,0.0004486555346396323,0.00014146842779862645,0.000455171387070982,0.000250701020688873,5.807583716743576e-05,0.00029760490087212845,8.924727873614068e-05,0.0001284584425370817,0.00017321732572911087,0.00041706872504233676,7.23621912716687e-05,3.998689387625056e-05,6.438320423884816e-05,0.0007085344362926314]"
power_dispatch_reserves,Power dispatch reserves,bernstein,120,1.0,14,3021,473.45205847105365,459.18937386444895,3.012487611240727,0.06279896862669386,0.8974376735944943,0.004932903777804593,"[0.0007681413632754765,0.00028201939206372306,0.0003413093144673148,0.000292955668427536,2.684028467379989e-05,8.806372492399765e-05,0.000159154724832715,0.0003274169711827867,0.0005915955941826907,0.0015191007007777607,0.00026611194339227,0.00021566661994476807,0.00015697513914630503,0.0010096997081922377,4.882506155678794e-05,0.00014877220535182157,0.00023862517489622,0.0009153834607764947,3.942218594383308e-05,3.975575784943447e-05,0.00015605060060076262,0.00024718226184263056,6.125936389391358e-05,0.00038299343381398163,0.0004731380984009261,0.00151798478832208,0.0002881653699945546,6.161646163516877e-05,0.0005010895875814673,5.679185015996664e-05,0.0003650073296192731,0.0007772203660479515,8.72996088509634e-05,0.0001451572117343767,0.00031883162761512214,7.980500545118575e-05,0.00022613456446090406,7.416915648345327e-05,8.850246262608149e-05,9.83219562085056e-05,0.0003099986392260471,0.0007270933245060559,0.0008356070802653596,0.00036040492379997997,4.9631951010833695e-05,0.0004159775413795368,0.00019500141208409556,0.0005010127722023759,0.00029189064208070105,0.0014540264608230457,0.001558257011888435,0.0006048450229180324,6.58215809686382e-05,0.00013114149930929414,2.000329963808096e-05,4.9026361006236773e-05,0.00011502974971876957,0.0003817940391942418,0.001067354796464534,0.0003277719123172285,0.00015776960925818176,0.00012621330161642573,0.00020494951987638565,0.0001074761982910224,0.00040541985686775477,0.0011854361590650404,0.0001713959002723257,3.410742369519158e-05,0.00018923776998701618,4.436882267697505e-05,0.0006242238875134643,5.5640012284683615e-05,0.0004424214779708728,0.0002074177630479472,0.0021631717195453068,0.00013705128127616112,0.0008283285117533153,9.482717824337952e-05,0.00012575406064121834,0.0007777516066832966,0.00027132166432889803,0.0006317345768810502,0.0002827145218149517,0.0009137706643488133,0.00038836354804456396,0.0014740956576180506,0.0003032651727168836,8.149881574189002e-05,0.0011387919042922683,0.00020984869758094074,0.0002852269271118629,0.000361516561407721,0.000103994160804274,0.000161997875947451,0.00022914495821361655,0.0001960364139673341,0.0011910474148769147,0.00028597250420913566,0.000853784926814889,5.973335712480361e-05,0.0031399484313595124,0.0008343967273370791,0.00013672529089533454,0.00040349108895075726,0.00045160147096116903,0.00024595018857547055,0.00013302767636387975,0.001716403213841179,8.579708726070831e-05,0.00025317012165628925,0.000400984994885938,0.00022173040872243478,4.2443690418461395e-05,0.0002294851117401728,0.00022851916595707227,0.0001003610265816231,0.00011961085616201048,7.942059987733022e-05,0.00020711175642629286,0.0005187525860074521]"
power_dispatch_reserves,Power dispatch reserves,bernstein,120,1.0,15,3022,473.45205847105365,455.0927799326396,3.8777481711036907,0.13452025935569323,0.8656375985398621,0.005000053116743252,"[0.00029894358116788733,0.00015986296697339858,0.00012801747164882505,0.00023192148492939108,8.488574283031462e-05,0.0001022989468479359,0.00042929961136655293,0.00030349807172092686,0.0002982998266488408,0.0001344204106189953,0.00029022219384744496,0.00040290057216225495,0.0004694010607393833,0.0004106440356152871,0.0014021905423958177,0.0001249144277323091,0.00045809409381373205,0.0005403017421153366,5.6770247945914194e-05,0.0005648386136010261,9.200309965060886e-05,0.00017301921056101115,0.00011660006205855678,0.0004337616945196617,0.0008302932915556216,0.00012215556870351748,0.00016210237831597679,0.00019504241849400403,8.979641382502734e-05,0.00035275210965240056,0.00039009743041555005,0.00017907009200807448,0.006726012967674129,0.00027924739719332754,0.00013254362208744568,0.00011247255876069317,0.00015129655971816047,0.00012420306200951577,0.00013170801867320433,0.0018073255334607498,0.00019803890397751905,0.0009419773223561818,0.0002918956520697115,0.00027027841004205,0.0005122842755814604,0.0010330766292040933,0.000530704192061288,9.973439080947662e-05,0.00014344666797325725,7.385992048031092e-05,2.2966211711014025e-05,0.00012992284031471818,1.570528330555664e-05,0.00024990583619238527,0.00040184404616072064,4.8778037466493476e-05,5.311093213309868e-05,0.0003391971490098597,0.00010321266070822709,0.00028182407593777274,0.00015088788023345692,0.0006130752822764303,0.0008432135493581801,7.76532018819503e-05,0.0006653202555966846,0.0006319717391307731,0.0010157495108722354,0.00030679194856072844,0.00011431165139045505,0.00029056875402020137,0.0005302341018925236,3.8366121962215506e-05,3.1051541031929006e-05,0.0001977173169580919,4.129530045659089e-05,6.737509092213473e-05,7.410890863475522e-05,0.0002794932938319626,0.0007130870779721781,8.582610456181671e-05,0.0005485002980153491,0.0003118500084615955,4.0724471287411486e-05,0.0002752202220271755,0.0004014473992048585,0.0001865520442800013,0.00012080164774089946,0.00031079290431515005,0.0001248282020622175,0.0002121353095518886,0.002243974295284608,0.0001656281418134641,0.0003329555887137708,0.0004677822516076339,0.0014569222587910513,0.002196862605667379,9.346755643288554e-05,0.0007115987146245601,0.0001043933029825085,0.0003999889553749417,0.0010427134511352871,6.03454803259471e-05,0.00013019297016898402,0.0007192058391163828,6.283453497837614e-05,0.00020116082794022818,0.0003334255924612073,0.00016738308305738495,0.0007009664594250734,0.00011049580449746754,2.465038966213718e-05,0.00048339421699838763,0.0006070307513656487,0.0008906319607937267,0.00016800088259911767,6.207591544250452e-05,1.7559154421178145e-05,0.000338962998645955,0.000963246400725249,0.00020620590407943222]"
power_dispatch_reserves,Power dispatch reserves,bernstein,120,1.0,16,3023,473.4520584710536,457.9402678762255,3.276317066805289,0.08924305359597293,0.8872860671391439,0.004955504438296903,"[0.00022475549583355305,0.0004263512968139714,0.0012093277669861613,0.0009488232625397678,0.0003480350237253995,0.0003731017666689588,0.00021633195789825242,0.00030770446080555496,0.00021525264618635316,6.338168845755946e-05,0.00010888129377581603,0.00026525234596125086,0.0013812452325904522,0.00011355285407803169,0.00012780620370138394,0.0002858782702059695,0.00019763027119448697,0.00014818555389898582,0.00016030351159610333,0.0002119384395470196,0.00026071033736242005,0.0006835235456158742,0.00023556104323890165,0.00014030121821241305,0.0001254711418601497,0.00028466047027420527,0.00015888434730490964,8.168356071089744e-05,0.0002540104578064652,0.00019050745979497095,0.00015666210199288355,5.5824586347957004e-05,0.00011607064991650578,0.0006147906421908286,0.0007062686754544451,0.000783451827057896,0.00047317501177622447,0.00018452981602420164,0.0002096753527214508,0.002008091825178012,0.00018694557549345779,0.00022966770810361572,0.00018335310840112781,0.00028706416228988917,0.0016453014305851683,0.0010698824719215091,0.0002589633158779606,2.7371765850492493e-05,0.0003355393660975631,0.0022547134683912765,0.0002450025629373931,0.00015070146724618672,0.0006856459279987958,2.513523118341122e-05,0.00010997948831059401,0.00017115550736436714,6.13920614891907e-05,0.00022110684808546185,5.1927488778139334e-05,0.00014972988072256305,0.00016430742550040592,0.00015773314176116364,0.00013974735108038827,0.0002798161822877639,0.000688153512494717,0.0002578479535089035,0.00020089119606719527,3.593182901507503e-05,0.00016730862703665807,0.0002034993803491282,0.001908743311072133,8.732337201352558e-05,0.004462152679886464,0.0004937968789288567,0.0005415468999475539,0.0008317943559477162,0.00011229961491095517,1.376992411059171e-05,4.0448873515675486e-05,0.0001387694894948277,0.00011141557617666694,0.0005380023142493707,5.875254887767536e-05,0.00029139905820053046,0.00037925122189739395,0.0006470456390700358,0.00011210265776120937,0.00014790943818909335,0.0003310579647838487,0.00015246288883911143,0.0003231501005381135,0.00010712393130387339,0.0008023325954310342,0.0003869155425230107,0.0011792365191744384,0.0005495885786080737,0.00012040967346990054,0.00032787205136021404,0.0002413868192464554,0.00014842023339633488,0.00016056921727499137,0.00027352200229530224,8.521357216072066e-05,0.0004494142020310753,0.00044013880448423587,0.00010104876896444062,0.0004515144832956113,0.0001282537613558196,0.000394766306336346,0.0009178645785048688,0.00035793477654414124,0.0005242801040790277,0.00037238389207893026,0.0017775022360330868,0.00030878470721215623,8.492147996836359e-05,0.00013647651053339433,2.7051281963808566e-05,0.0012160963855912343,0.0005023733278155763]"
power_dispatch_reserves,Power dispatch reserves,bernstein,120,1.0,17,3024,473.4520584710534,459.54231578632215,2.9379411148091363,0.06259911649355249,0.8994158938428789,0.00493166820797733,"[0.00022946410865450545,7.607601506148131e-05,0.00038246553191408067,0.0009029035760191033,0.00018818985165697653,0.0010838823653929325,0.00021392721731250505,0.000391101774402829,0.00016050111020798625,0.0015479232869624847,0.0016667638851642678,0.0004330231160071832,0.00031654013509677364,0.0003702442880838358,0.00020988517757141025,0.0009082961607174834,0.00021069478504341606,0.00029612144567304404,0.00014210305861732652,0.0004140287093349936,0.0003553729302543145,0.00011041383798050248,0.0008909901202860252,0.0001368427975040112,0.00035922439487837544,0.0005668419565111212,8.913664966596075e-05,2.2146548826300203e-05,0.0006944097802049275,0.00018035399560452332,0.0019086741229417347,0.00023298321737105294,0.0003016659695741728,0.0006006278435829559,0.0003071732995759158,0.00020499134767284886,0.00028139948255272553,3.708981975103963e-05,3.580718098275185e-05,0.0003922570932206208,0.00019492417314209283,0.00017230763620650356,0.0005966924073591086,0.0014118227580826419,0.00015867552446997054,3.19418822560634e-05,0.00024035394008712775,0.0007055259583418763,4.086069716306678e-05,0.00015663691677171273,0.000216899074093615,4.371084757172213e-05,0.002827168718298833,9.508118451676654e-05,0.00013890274513313146,9.230952188708647e-05,0.00041898474818342614,6.580445707248187e-05,0.00021062935142253738,0.00018088963828208698,0.0005436234539413147,0.0002033707368599522,9.224097351937606e-05,7.064465782925573e-05,0.0006866625619325821,0.0002392067358832075,0.00011235986088047647,0.00018893525040040011,0.00011078724642105207,0.0005176734287953618,0.0009147639704641765,0.0005036338087172363,0.00032800439334599695,0.00020655603738295328,0.00021886527520609093,0.00026817137242965286,0.00022890726913933927,6.862596989316486e-05,0.0003382814655626806,0.00012369055916823518,5.8081192336133025e-05,0.0003653979837294153,0.0001596389107749946,0.00046867588915755655,6.628423450740991e-05,0.0009235849011159406,0.0004528416953757192,0.000188049445128076,0.00013317300011425208,0.00015156271802602833,0.0003062768735552906,0.00010027092530165194,0.00026109259459564284,0.0008594044742843011,0.003129955824728383,7.673487893600387e-05,3.352643206286298e-05,8.881265422886497e-05,6.458450663811399e-05,0.001192038480116766,0.00046682983586881604,0.0005706675581352281,0.00014669085215694767,2.207988650136349e-05,0.0004946859442331999,0.00038741651642519375,0.0002478878687016872,0.0002471166198449652,0.0002101275624502665,0.0005608224933562311,0.0005706945744456396,0.00026093900531514564,0.0008525946864319167,0.00013850865766298903,0.00039797821466120526,0.0016690464031773717,0.00012723276786372211,0.0009196723523381845,0.00010240221193133942,0.000708953178645177]"
power_dispatch_reserves,Power dispatch reserves,bernstein,120,1.0,18,3025,473.45205847105353,450.7488523239683,4.795249221304899,0.1293239807811124,0.83431795278038,0.005059604059256084,"[0.00010592254665623235,0.00024303491418510012,0.00014199554584536377,0.00038806605235887695,0.0003310463794065617,0.0011783198376232908,5.9131663550465354e-05,0.0006101821726987979,0.00018470205341595967,0.005265667039849372,0.00038422760780499785,2.40091010159818e-05,0.0002802681170676158,0.00012422312988382865,0.00013266325407239988,0.00021853949833528074,0.0002450677816391078,0.0003715271807570028,0.00017344001475156192,0.00010115514607798414,0.00019292118081258615,9.062025358887952e-05,0.00017821803850348773,8.341447624008984e-05,0.00020638498337992588,0.0008361410483937912,0.0010222019672047537,3.870981570476646e-05,0.0009631667584423396,0.0006374057408634787,3.98945185850349e-05,7.3531906540039e-05,0.00041872813417257913,0.00023470371959751144,0.0003462502548491201,0.0007886728732601395,0.000425781146672343,0.00026828538744089436,0.0003176940909861851,0.00013298171352910804,0.0002687354665494848,5.5154572255955425e-05,0.000321284718420926,0.00010767031211402319,0.00017207101992979738,3.4653166891332895e-05,0.006466199038993762,0.00019833117480544437,0.00011242477959389243,0.00022641179827501929,0.0009927700952970559,8.634210549278875e-05,0.0003853620333579001,3.4670532135833734e-05,0.00011362492712644258,5.2097444349658264e-05,0.00022185217693002912,0.0002945709729788781,0.00010649258794219734,0.00040716445774129263,0.0001473900011487078,0.0004605656667986889,0.0003902029495467084,0.0013418996592940249,4.496305902735569e-05,0.00011601790851093377,0.0001704507013484877,7.257472786932225e-06,0.0001770729096980607,0.000619472612751895,0.0012673740902570182,0.00033077462373321757,0.000981194331124936,1.630917766684451e-05,4.387909399635129e-05,7.566202511669512e-05,3.456738514436779e-05,2.2485436169697086e-05,0.00027787594575816516,5.267896124610435e-05,0.00014929861533553298,0.00015074909450565023,0.0007636150472545355,0.00012494461241487935,0.0001740884504082354,0.00013183493044584114,0.0004067475891873138,0.0001537499612434542,9.421986961887242e-05,0.0004631568489278195,0.0003060909709486486,0.00037323328693099887,6.362153196833967e-05,0.00011098735777573635,0.00018192982111739784,0.00022072042702220654,0.00036995117302003307,0.00018983524606461342,8.986150007588016e-05,0.0002315333570687426,0.0005029997230428034,0.0017416285675201104,8.704185232983241e-05,0.00036034312312144636,0.00030292730101093095,0.00011825499779263863,0.0005484482968296584,0.0001728345479955009,0.001175923521439007,0.00043260289212794186,4.660109163528449e-05,0.00021170924205560573,0.0001515395312803677,0.0002547860867739729,0.00015975284928383657,0.00020995378075722173,0.0028367881761401643,0.000254011150634712,0.00047182182361499774,0.00011498731473117399]"
power_dispatch_reserves,Power dispatch reserves,bernstein,120,1.0,19,3026,473.4520584710535,457.59330384338796,3.349600945633044,0.07679318801693119,0.8857541350137678,0.004954418124446201,"[0.0006880774993193737,0.00030894994032246875,0.0014639537282181221,0.00016783903683123907,0.0003586626529235441,0.00018296052198346082,7.280715917129544e-05,6.170707578331616e-05,0.00012389635275974334,6.525262585774637e-05,0.0009679223512359753,9.754083777512392e-05,0.00010330966245348982,0.00015969026693990278,2.8398379575880657e-05,0.0014372368320373337,3.101109040196134e-05,0.0002889595779107239,0.00014489527533098598,0.00020374315980643042,0.0008469637497338204,7.884576822313384e-05,2.9481019592781578e-05,0.0005331160722988142,0.00010419771219636803,3.674796636037146e-05,4.886856829473728e-05,0.00032039132558117406,3.486975794705489e-05,0.00021907521871663844,5.502592556184526e-05,0.0002874886695238497,0.00011744106582313007,7.278859766936995e-05,0.0001683667233817961,0.00023041458626459088,0.00023622470483915733,0.0003976969317393888,0.0002751660290568344,0.0003777883214567739,5.748066756590665e-05,0.0004920627718340046,0.00015784232689284065,0.00028235408658873365,0.002090479238103332,0.0005551641327039996,0.0001303087169446505,0.0011209733796990187,0.0012347924768378075,0.0004901645776392749,0.0002088817104414935,0.0009870437002378863,0.0004938381285545653,0.00017368500665485337,0.0015602573531063387,6.64003057747736e-05,0.00028326782054861275,0.00010676954984442836,0.000539262781726493,0.00016358479476985923,0.00014370522463021853,0.0005786786137711661,3.8703789510702094e-05,0.00020858258264895024,8.726956810850328e-05,0.00010210872924658863,0.00023454952326648892,6.197539848458705e-05,0.0003631994475171592,0.00011795105355526676,5.8945065829693204e-05,0.00038477763774663685,0.0001692436933921587,0.00025756001235543893,0.0002936995657091254,0.00025721465409961016,0.00032051880461389667,0.0013633303658768022,9.754529118259818e-05,7.009201268880883e-05,0.0004674829311356812,0.0008645724724874181,2.337941929898666e-05,0.0007231029633646365,0.0004061904756191232,0.0002450841536042396,0.00014445534118772452,0.00015890759991198236,0.0004716127612704241,0.0038396594008441344,0.000486134027128362,6.0466511510970645e-05,0.0002743097257718228,0.00019721529117345702,3.062296157074572e-05,8.42056146017821e-05,0.001100196655969429,0.0008243406949335582,0.00014145823109535586,0.0005092379262552195,0.0001815643341283715,0.00041763159195264685,0.0005401982046661447,0.00035060828411522747,4.3360087098613605e-05,0.00033225704780529073,0.00041475330492424337,0.0005252680647671135,0.00023683249656576797,0.0006681967620137994,0.0002556589308746319,0.00033856700604439086,0.0013341606507043166,0.000506169290175708,0.0021737797410208313,3.329260996856563e-05,0.0020646664015241314,0.00020839761098705514,0.0002346217156039078,0.00025534340468959254]"
power_dispatch_reserves,Power dispatch reserves,bernstein,120,1.0,20,3027,473.45205847105353,453.0633201620363,4.306399759853149,0.10905505486310578,0.8531957555895174,0.005014215659805323,"[0.00029830603972718544,0.001234274455154429,0.00010718890083769662,0.00015328785064258756,0.000622498568818316,0.0008427608019569439,5.7078861233556386e-05,3.429368453359521e-05,3.420148523470647e-05,0.00010392667641058563,0.0016533004353778257,0.00021747809473477418,0.0010840489026096652,9.239789071363778e-05,0.00011783546552800788,0.0001294582864439161,0.0003252536919603075,0.00021038562538289114,6.424924394901914e-05,0.00015768303576256946,4.223124874035102e-05,0.00012898225777369256,0.00024690313472950867,0.0003223860705183208,0.00022170154446217926,0.0002940948807282968,0.0003577847297472717,0.0002520839679622268,8.351374562656789e-05,0.0003172903419741258,8.246233349797222e-05,9.826384958732274e-05,6.661771937168882e-05,0.00042871559641369174,5.020916672735622e-05,0.0002589770393523555,0.001074142108641517,0.00021879277029323522,0.0001658529611687431,0.00035395832210002637,0.00028084958503949396,0.0011322600351219743,0.002329284682347131,0.00026801651723919466,0.001391570208723409,0.000883429799175937,0.00012669641729720746,0.0006309170388914835,0.00014806028242662255,7.368299375454522e-05,0.0028185716634638873,0.00011148179456669164,1.31451588306206e-05,0.00037541381750712905,9.970727154322507e-05,5.332738153928713e-05,0.0017354481100933595,0.0010422556946123995,0.0005495573887545369,0.0005203914931833061,0.0001142315477451142,4.77318658088035e-05,5.812547318984226e-05,0.0006350307958961877,1.5584475126242107e-05,3.43355138526114e-05,0.0005490276088581389,0.00016642730452897332,0.00021223674577811941,0.0002693583560256841,0.0004888247045912715,9.8252003882929e-05,5.6283900202443936e-05,0.0001689143762792603,0.0001549698727812537,3.743598132944352e-05,3.287967533838676e-05,6.081870544383654e-05,0.0001690802994817488,9.781607630032448e-05,0.0004868482698012051,0.0021338131565591897,0.0005619609936030989,0.0002900079404518311,0.00019097630933503408,0.005452752743259982,0.0003125950238382434,0.0014171332754223734,5.474310666393987e-05,0.00021784853680407632,0.00015325117216568018,0.000837258045232208,0.00020138742738469467,0.0002119625018014055,2.9954455747066725e-05,5.560274471618103e-05,0.0009679763851044421,0.0002134095737100691,0.00045577524333211515,0.00017238621551133324,1.9187127963068192e-05,0.00025797618888263613,0.0003808993460423279,0.00017672494844633084,0.0002351333111366603,0.00010959629319022004,3.338934388531077e-05,0.0003570104201848854,0.0008374651771762587,0.0001509553791451468,8.010037610605125e-05,7.532095868454964e-05,0.00012019396036359241,9.719847292351879e-05,0.0002910452682085991,0.0006578346150275275,0.00043836443127286286,0.00041945369479811533,3.254015640092561e-05,0.0001556630076965249]"
power_dispatch_reserves,Power dispatch reserves,bernstein,120,1.0,21,3028,473.45205847105336,457.74613000962745,3.317321823913068,0.05336547069300817,0.8871642786468361,0.004950575950729535,"[0.0005911512905348148,0.00020893751970948706,0.0026682735346753314,0.0002212387910113567,5.890124030439042e-05,0.00022049713231280874,5.072940174774345e-05,0.00035894058448630514,0.00018926838220976905,0.00018747175672975116,0.0014161760097209414,0.00037198083262781636,0.00038027400254213024,0.00014665907019411936,0.00017083144103843936,7.877879405479162e-05,0.00041036236683059286,0.00010520163123369964,6.388316169688511e-05,0.00011284739395065724,0.00019345050789602993,0.00012996878077413417,0.00016540687990278214,5.9036372933427366e-05,0.0014689136684980732,0.00012982692219172493,0.00013140820065585937,0.0005523126156073072,9.931726912979112e-05,0.00015504570731573542,0.0005642847841091221,0.0007141754134530349,0.0004007010884533069,0.0001591498763098626,2.8536514564606916e-05,0.0005932648786601314,0.0004814596226570825,0.00019446841198654137,0.0003819669815923718,2.097269689021195e-05,2.3495409230592343e-05,0.0006196660785359181,0.00026754554043225656,0.0012603507126576856,0.0003686496168588735,0.00038261317845460403,0.00015318678329620728,7.851790647588325e-05,0.0014513965354303626,0.00018930084652755725,0.00020999282662485273,0.0011832550190611015,0.0002525243079351358,0.001690008745685121,0.00094763089536613,7.050121531648737e-05,9.348473115900881e-05,0.0020112142859674397,0.0004094487719979418,0.0001453590373741453,0.0004566186874665466,0.00013498883834568422,0.0005509183278956426,0.00039288331937108775,0.0003468352725762479,2.2923448345878256e-05,0.00032606133017461,0.00022207310862518785,0.00017569270467927272,0.00016873029790261872,3.2932791130975796e-05,0.00017865617098409994,0.00046366498331849225,0.00020275442248927856,0.0005310929549620665,8.36227325431001e-05,0.00020863291051239068,8.91568486129581e-05,6.893437853521035e-05,4.976296647566072e-05,0.0001275532466775501,7.746143074137956e-05,0.000303828813014424,0.0007751320968595405,8.231943740611402e-05,0.0011123105860612816,0.00020143967704227197,0.0014866371120566765,4.4323299375006124e-05,0.000292635613441322,0.000154465116152709,0.0009189704570451052,0.00045504424348105096,0.00027665866347252816,4.8217955099078096e-05,0.00023958920772135762,0.0026230640465824628,0.0009875490489934533,0.0008167493958007404,0.0006842667571251447,0.0003113318316410508,0.00035742963490292275,0.00021256646987619142,0.0009206762658910787,0.00023495003502666006,0.000512525037023715,0.00016259929730566856,6.654698512578995e-05,7.059134872226954e-05,0.0001166155926403273,1.4691676314403144e-05,0.00019635254045066383,8.841896672426194e-05,0.00021002062791444787,3.6946718052805354e-05,0.00242727685321824,0.0005483223553723934,0.0001987747071003373,0.00021272409089388098,0.00024127229159344422]"
power_dispatch_reserves,Power dispatch reserves,bernstein,120,1.0,22,3029,473.4520584710536,460.4356642067199,2.74925286128617,0.05435862861774108,0.9066801375338599,0.004915738957416511,"[0.0004915597433095555,0.0027179314308553525,0.00016731829192401888,0.0006261254560394685,9.483432007626467e-05,0.00039622341802521727,0.0003157678382691619,8.148303009048371e-05,9.343730104837463e-05,6.183370594983185e-05,0.0005007099914492723,0.0007295364479902663,0.0010340398649582303,0.00015854347167202997,0.00012203855255242096,8.903245264892226e-05,0.0005036426398986767,0.0004163431858039048,2.4228035329191252e-05,0.00012515917842328576,0.0009704991191100594,9.134799294768479e-05,0.00013037720797969167,0.00010219221141414422,7.742714716477296e-05,0.0003731391426732223,0.0010907538698563073,0.0002119117806917941,0.0001794367941245863,0.0009817555153486537,0.0005087487934351431,0.0003222209885430311,0.0013836953365872554,0.0009987756101943334,0.0009066750750032638,0.00010908833569186818,0.00014925318269333964,0.00021116666623484452,0.0001248745457086377,0.0002567480931659164,0.0006258712727151619,4.9287333247952316e-05,0.001129014829676256,0.00022382882672313027,8.216799701040712e-05,0.0005992262057701774,6.018934881982975e-05,0.0009042688203807414,0.00028399577030421266,0.00019913385211245638,6.895026228732792e-05,0.00013817018225249775,7.948384239076302e-05,0.00031262772552597345,0.00015320014647714886,0.0007355781718524582,0.0010851784071806898,7.966708728352186e-05,5.5365308273157946e-05,0.0008362653066707453,0.00042218202031977186,0.0015751862369555454,5.48432525952993e-05,0.0006052855163370704,0.0011749964956456176,8.167592071527124e-05,0.000334724610134401,0.00018537350128379612,0.000299007732483406,0.0001545487398340927,0.0009528739335655048,8.182215374655912e-05,5.161497947337396e-05,6.58603162569293e-05,0.00026276728228693814,9.874581478419431e-05,0.0002293618947302723,0.00041276139019451736,0.00010538092324087519,0.00011742279581731205,0.0002504130217560228,9.690415518315946e-05,6.339418018236138e-05,0.00020493391933295148,0.001232807076282347,0.00017471467984171514,0.00016438911571698463,0.0004107418473292935,0.001445700555287288,9.822701559780567e-05,6.838161739731236e-05,0.00027593619203097273,0.00019020385169983157,0.0017361295997023792,0.00010594737097231462,6.87369217764531e-05,0.00025021886318483445,0.00010189777431115284,0.00030334362569325976,0.0009094528421470822,0.00039981566142628156,0.0007685722322958914,0.00018088256253705992,0.00016773480805514312,0.0002852310235495225,0.00044038428374016574,0.00015204401923562844,0.001222311617160167,0.0003009811359008728,4.652252511544722e-05,0.0005030729221087782,0.0007660462852610024,0.00013035690429019718,0.0009229126665439738,0.0001910853876998814,9.0649930221058e-05,0.0009390373216818827,0.0004996576122735435,0.00031387988594689244,0.0006285650167100605]"
power_dispatch_reserves,Power dispatch reserves,bernstein,120,1.0,23,3030,473.4520584710536,457.53327899851223,3.362279070862804,0.06653301958594053,0.8854615626766356,0.004954382012939791,"[0.0003233987535752997,0.00010118156810449379,0.000182998241133313,0.0012320138736162758,9.162003295653208e-05,1.874023503977535e-05,0.00019103699958971417,0.00014426033583374152,0.002888297830014916,0.0001650527222773084,4.74456066523863e-05,0.0008367435593376879,0.0002756436773962533,0.0005637460796514733,0.0002311952591284817,7.262979762841568e-05,0.0001877646833602542,0.00011797652953190056,0.0008585312250630865,0.0006715464185788765,0.0009341176231855807,4.0624019678745805e-05,0.00013281955816599834,0.0005128119584263544,0.00023624036656437968,0.000822516758576042,6.348470877477055e-05,0.003326650979272504,0.0001412663325096152,0.00010660242854773614,0.0002008330167453718,0.0007027743218932384,0.00040722210812926796,5.090740853658304e-05,0.0005118252820586363,0.00013552193724869,0.0005230324858140462,0.0008430365821084618,0.00017915403233081223,0.00019136376482476922,5.87026786921925e-05,0.0002590631695520397,0.0004288879233278331,0.00044167933055344263,0.0012839091199741159,6.488947535044399e-05,0.00013682287643478075,0.0025536592681136253,0.00025856419009800925,0.000528174701196619,0.00027890193641120326,0.0014636973391474633,0.00015527198883543428,0.00016868207693087004,0.00027292731189384664,3.4206612574212944e-05,8.723170035500514e-05,4.098531710450653e-05,3.5328636590121794e-05,0.00013429059287540314,0.00018882869421273769,0.00025521343550911175,0.0006140638941866499,0.00012285088962178038,0.0015092816932054027,0.0006477383383422894,0.0005141049332730622,0.0003231609962351088,5.150161941471702e-05,0.0001479538523976614,0.0005398606507503759,0.00014534487930355054,0.0004576372046043649,0.0003645821319606224,0.00047980897326147355,0.0017184699480018377,0.0003147289239213846,0.0005893555109585479,7.967786667130417e-05,8.894193945914187e-05,0.001075586666291307,0.0011104541476617017,0.00013265044183246157,0.0003474128128035436,0.00011444141635928094,4.90520941887518e-05,0.0003493011148961496,1.9080341622614183e-05,0.0004972350692467491,9.651103894177362e-05,0.0006100458160036187,8.637756650381147e-05,0.0002567789979971037,6.611828236445959e-05,0.00030572350147628307,0.0005555207542199665,0.0005863589658309257,0.00010169601384295366,8.612694604762162e-05,0.0002743800534064457,9.101143618542425e-05,0.0003320207839081129,4.04921674171515e-05,4.916610632660122e-05,0.00022556208124384263,0.0007599193076666265,5.1058200094484965e-05,0.001003692502667694,0.00018237655407080168,0.000186763517644602,4.109199653337321e-05,0.0001769052415289855,0.0011816771262905413,0.00051005598374467,0.00020214798874087928,0.0002593897202754651,0.0001116338800361903,8.165557993071935e-05,0.0005493000818007931,0.0001396159788228485]"
power_dispatch_reserves,Power dispatch reserves,bernstein,120,1.0,24,3031,473.4520584710535,454.77180529257674,3.9455427100268547,0.12414156486280056,0.863450936045631,0.005003556736857137,"[0.00024556807679887156,4.809342624469406e-05,0.0003973182642863989,0.0005164919274794079,2.356910314098386e-05,5.803026508119125e-05,0.00017270614856331536,0.0004899132414111099,0.00010357177096762464,9.833702490906303e-05,0.0002005344754903103,0.00022864205588985875,8.666744501798019e-05,0.0005749610567585589,3.9846884012959315e-05,0.0001792540262974439,0.00040864575730718627,0.00016823569824241037,6.363835875974677e-05,0.00033376450599314843,0.0004210659943344396,0.0003853528034285785,0.00011530742898549734,0.00013712362379232504,0.001075661592388235,0.0003012488745109761,0.00023672666159534457,0.00018174814702680557,0.00013263200876044928,0.00019022218277593632,0.0002831712435654248,4.210805475430837e-05,0.00011112142887218489,0.00012016681829151166,0.00023473506680756785,0.00016042909613314148,8.62111029030743e-05,0.00011469248410283516,3.473113157817648e-05,0.00037232351449615296,0.00019151500289904958,0.0004149341427003824,0.00042496525870415225,0.0002731588259481528,0.004008516330122145,0.0004012276312729072,0.00017531589511571795,6.602507603192372e-05,0.00034836091175114966,9.57455405806001e-05,0.000814859156384763,0.00040901474270045775,0.000918584146701684,0.0003788797804833279,0.00024125050572837442,0.0002021889287811593,0.0004123145021825365,0.00025401965434266433,7.996803925541598e-05,0.0002757170834254955,9.002767007721569e-05,0.000274802064590443,0.00010446454266514903,6.01759406821064e-05,0.0005556481219124583,3.808730795858868e-05,0.00013257276328051962,0.00025305012147955135,0.001234625965083762,0.0008142190594001443,0.001151433742021845,0.006207078243199763,0.00027243615002369695,0.00020069952951180356,0.00057079100440485,0.0008729113618982259,0.0008512522646066458,0.0003466207754335702,0.00016594028303909124,0.00014099564624933886,0.0009601565719080778,0.00013572639327633302,0.0005982470324725985,1.6866875004861906e-05,0.00016569084666188185,3.888950825929324e-05,7.737803827163389e-05,0.0004540754243628773,0.0007832416702977168,4.1217081081953314e-05,0.0003726958367306036,0.0002542035806469633,0.00011054262223780394,6.605319653054741e-05,4.9224794630805304e-05,0.0001040233845058904,0.0017616584871213807,0.00011553597424473759,0.0002200267585652655,0.0011082487796760538,0.0001401891032196812,0.0004800313280046119,0.0006326750915278368,0.00010597387272186516,0.00042864431204623,0.0009453304415561502,0.00037310570339118616,3.0664428755819764e-05,0.00041186927748442426,9.595967118025411e-05,0.0005175647144939563,0.0012583365751152314,0.0004928694550917808,0.00076105398876272,0.0005812587260447836,0.00012974330268278745,5.221499363930065e-05,0.0008404259654691458,5.585802911892629e-06,0.0003838379055081765]"
power_dispatch_reserves,Power dispatch reserves,bernstein,120,1.0,25,3032,473.4520584710535,450.2977092236483,4.890537243027066,0.14961968133993972,0.8318859364921584,0.0050612392627447855,"[0.0006434793025603731,0.0004110629736762421,0.0002416860676024487,0.002382859168298568,0.00018679332053456426,0.001005470055505252,8.417801969857047e-05,0.0010789517091276775,0.0007162298789862534,0.0017599783893380576,7.143737736982643e-05,5.508354919482416e-05,0.0002886546605285306,0.0014767365476735532,0.00011311796902695526,0.0005593619392058973,0.002542561214674652,0.00018784632138876183,8.482300854912642e-05,0.0001862774548337942,0.0003349407421426196,0.0005395928185403779,0.0005227411711022413,0.0004258136606173161,0.0005919805576580019,0.00033949070524674633,0.00046896488889123155,0.00012649331552192633,0.00012348134279196568,0.00012755163673774592,0.0001651181213302585,0.0007000345812122615,5.643579550040582e-05,0.0002332062781307671,9.330593738226567e-06,0.000656958946820214,3.086982756348183e-05,0.000647220947503754,0.00018689956038211758,5.0753042968246427e-05,0.00034233534626300257,0.0008474500039303506,6.6692290386489e-05,0.00020587408629016679,4.102035612146863e-05,0.0003179547334847683,0.00010736462710235806,0.0002548710196754968,0.0017575819664203919,0.0002820680504535801,0.00025579544276754204,1.68597471882227e-05,0.00020133013100984097,0.00025926378583444095,0.0006031858480333499,4.211534434218088e-05,8.965287704864796e-06,0.00018454554091809145,8.008814450783172e-05,0.00010731957515758557,0.0001737258810225551,9.842620445040955e-05,0.0001917867581838904,9.823892580118696e-05,8.192871258856012e-05,9.62663761479505e-05,0.00029194136543052676,5.347413799140926e-05,0.00024608083701483025,0.0009407419604554779,0.00032684373709260565,0.000184231135073684,7.264788653462208e-05,0.0026811699853054134,0.00019978097833482395,0.00010020366451809611,0.00013552221499825532,0.00748098406700111,0.00020121217105626275,0.00020849121079278724,0.0001916336953680338,0.0001300962157104171,0.0002489633851138136,0.0001794652505325911,8.429331662093792e-05,8.402155974600837e-05,0.00015824402302845185,0.00021414536465778932,0.00015045498450742213,0.0003525819608285962,4.78765726076435e-05,3.6785470239971386e-05,0.00021024715433919891,0.00026763975538713497,0.00025864692930204023,0.00026708273971716743,0.0008069011705474675,0.0014845388618563967,0.0006456024509357637,0.00027791798688343546,0.0003881986987590679,0.00011058294606019507,3.217785067921399e-05,9.003889900041637e-05,4.918961942052734e-05,7.291312329988137e-05,0.0003659198456547477,5.349839055487242e-05,0.00013268180480234212,5.776035193512605e-05,0.000769002010421729,7.351014685431093e-05,0.00019724467653939995,0.00017889076699123958,0.0001951878255035192,1.53560213220945e-05,5.423686222386548e-05,0.0004112000610886506,4.41493165252193e-05,0.00035027493490055137]"
power_dispatch_reserves,Power dispatch reserves,bernstein,120,1.0,26,3033,473.4520584710536,454.4326540740665,4.017176408189583,0.10448945495248171,0.8615371217901119,0.005004638004824733,"[7.953666505105956e-05,0.00021997974022498686,7.318210566816198e-05,0.00023452470974902795,0.000106301909035762,0.00021645078969696416,0.0008224377582921051,0.003944244526944956,0.0001835258030228448,0.0002713892419652904,0.0002954636813126088,0.00047488405840390906,0.0001091749312271662,0.00022162990743126055,0.00047192430214097985,9.811352435438944e-05,7.514769886771212e-05,0.00017283425556081672,0.00011601738803569225,0.00023339025264464895,0.00022571630837447205,0.0007326895616395011,2.2215037878660403e-05,0.0002865842675832973,0.0005098186291350153,0.00015124750011665612,0.00017388659401830055,0.0011755522619487724,0.00020894835705740212,2.2791437282579635e-05,0.0015115154301866243,0.00025129430350839707,0.00045376629689362067,0.00039205844687519086,0.0006045161636214736,0.0007444654686954999,0.00038251770591705346,0.000721664857697947,0.0010809807942675853,0.00039919170374777167,0.0001384936458006168,0.005224472747690477,0.00017861339115041546,0.000300905089501566,0.00013852408100859586,0.0003275256798864231,0.0009548944147746527,0.00027255702386956923,6.676459526562314e-05,0.0005060168414468443,0.00021569556452153018,0.00015540291702986336,0.00025506389869111494,0.0009320012370123109,0.0001427224281943929,0.00015591436580657128,0.0002194875077927354,0.0002975244091101433,0.0008504647143271001,0.0003196567973403724,0.0014016727532472706,5.6695422775619016e-05,0.00018380951799879664,9.857112900864653e-05,0.0011519547716769252,2.4666847458058377e-05,3.921514062481355e-05,0.00034954729916263235,4.1045528384954e-05,5.0511972299766766e-05,0.00024171727163418437,0.00046324620976472827,0.0003708651154668357,0.00022016042535260753,0.00018105404505700619,0.0031240473755263006,0.0002913261786491399,0.001153303283536889,2.5859620894394124e-05,0.0006230357860805228,5.9046601278697334e-05,0.0009018378507608688,0.00010092297456848346,0.00011443668186483989,0.00034094708317015585,0.000241462045798126,0.0007126043536381374,0.00012613194971131336,0.00012404734143246188,0.00027139316544821934,2.5202665492956356e-05,0.00010521216633733885,9.686608234995027e-05,0.0011177566440223926,0.0002801146905498943,0.0001117408737953582,0.00015056925373446435,0.00028069130750883194,0.0005342667486095268,6.44868999118033e-05,2.686219876251281e-05,0.00036553898063720143,0.0002266301967492633,0.00025527874205862554,0.00036260624990165456,0.00013192946213243288,9.816455333074668e-05,0.00016232127999104786,0.000305743401971714,5.702490283051288e-05,5.167027357787727e-05,6.407064480836385e-05,0.0001792469901277961,0.00018284678497014562,0.00048338750107033014,0.00048490750731714226,0.0002934378598289111,9.67928185142168e-05,6.601661399758845e-05,0.00012920423717631722]"
power_dispatch_reserves,Power dispatch reserves,bernstein,120,1.0,27,3034,473.45205847105353,459.5015969751968,2.9465415233187073,0.048021358173696065,0.8999578797325609,0.0049274162797571805,"[0.0017903101960795773,0.0003049115175009884,0.00019123240697953699,7.212874475282611e-05,0.00012047506977627164,0.00010044941787371927,0.00030583845377516003,0.00019547053674268626,2.105779092967743e-05,0.0002612152389606882,0.00013737356640878195,0.00036097961491385496,0.00021223414057085595,0.00020963445980336885,5.703222130918412e-05,0.0002415677662796299,0.00014657526299613523,9.609761705375581e-05,0.00015485924151458332,0.0007498178656162393,8.950286732790263e-05,0.00019688096331314553,8.022911808593425e-05,0.0007369978822619498,0.0007037918511726828,0.00018519904499955957,0.0003009252912802139,0.0009409569015373622,0.0008571890352329855,0.00020623204802492452,7.450550157721655e-05,0.00011844028676653852,0.00016746621100944357,0.00017090374052308168,0.0005998351025601944,0.00154984825210655,0.0009995184004551495,0.00035101751832570074,0.0014740644681950077,0.0006365960154457227,2.9100048160586822e-05,0.00020088662714326573,0.0022098257595540645,4.926151285678202e-05,0.0006927206126673153,0.0003020078448529141,0.00014431934143038653,0.00010043639908527357,0.00024957489044433797,3.392161620420774e-05,4.823812410575246e-05,0.0002845632498053044,0.0001906232551227733,0.00044190461805242425,0.0001487827926143131,9.60881139134266e-05,0.0001540289081370759,0.00022019277204061953,8.725324252923107e-05,0.002401067908665765,0.00014097473664333773,0.0003202086365584263,0.0005559172873741056,0.0010874450242084324,0.0006918641807626398,0.00011948919414673926,0.00015589266760673138,0.0002602080873782732,0.00036848218678956293,0.0007593610687013115,9.641422377055172e-05,0.00048138923496046594,0.0003576948199741463,9.826436216917542e-05,0.0012340208551785343,0.0007953641243215455,0.0007456405779822493,0.0007784539922847319,7.877565998481905e-05,0.00021362068235768902,1.9025243133994852e-05,0.0002494538378074674,9.021587886480322e-05,0.00020221392191780848,0.0002321193506424029,5.595425459527424e-05,2.2209653397949573e-05,0.00022179756637719943,0.0005303434728808343,0.00025430198747683654,0.0003056985684345996,0.0004180881724085643,0.0005713746852844743,6.607914067051031e-06,0.0006463657678158724,0.00016311818668551456,0.0012368241814739644,0.0005145997225254328,0.00013131004102451618,6.644313328885528e-05,0.0012488689708272148,0.00010274367757600233,0.00013475428279920718,0.0006125036918596424,0.0002518004181253345,0.001872508163936201,0.00041106600974126267,0.0004924481588347493,0.0014668197210737284,0.0005742155011705611,0.0001355353968264428,0.00047125355772018875,0.001380300050466359,0.0001611975422793708,0.00023060828504370374,8.799023201304261e-05,0.0004524955486335953,3.7769833907545404e-05,6.255604693312675e-05,0.00028085849915477224]"
power_dispatch_reserves,Power dispatch reserves,bernstein,120,1.0,28,3035,473.4520584710534,451.80794838802933,4.571552641025722,0.11029706085469557,0.8440299545280557,0.005032168488952934,"[6.820579499093666e-05,0.0006163591782837853,7.629936911178112e-05,0.0008363200772981833,0.001015392372590893,0.0003629209011724388,0.00012844238409135945,0.0003885349029647871,0.0002012679643055537,5.770939595292499e-05,0.0001200460078429357,2.8730572580179404e-05,0.0001532844523909097,0.000767672993609688,0.00024909582054234334,0.00025910724708618177,0.00011813150380252597,2.8762791336226974e-05,0.00010046915344219155,4.284446489237179e-05,0.00021990821141597186,0.0038813216939694853,0.0005212258875231004,0.0015201942429975352,0.00011314731281164965,0.00038889574264697787,4.775223436178174e-05,0.0027763411920187415,5.804791060009263e-05,0.0006724586224225699,6.703163916144627e-05,9.517385124189115e-05,0.000384993176937941,0.0002635124030848172,0.0009606670538769104,0.00043220981305926555,5.682781876051617e-05,0.0003074238356578613,6.722468371553209e-05,6.923194308133923e-05,0.00039950312222190377,0.00014238590770424112,7.841570386108259e-05,5.122889251852857e-05,9.14933444042559e-05,0.00017513232697289802,8.078195370976689e-05,0.0013973408185861214,0.00014727135828730958,9.475519284304657e-05,7.86169904959258e-05,0.0003132620528957809,0.00013195477999702472,0.0016932351282555453,0.0004898939480812593,0.0001158160923205062,0.0005169143641899767,0.0014154074949116126,0.0009400638605662241,0.00016035098781206275,0.00047508562527625073,0.005514853042725507,7.366287294334826e-05,0.00017331744511827962,0.0004990012658075263,0.00016242631126719,0.000148093884544422,5.0162618684678404e-05,5.082616486586326e-05,0.00026375757692368953,0.0013905420683593592,4.028394975045446e-05,0.00110965164956491,0.0005710638035246677,0.00010351165085529493,0.0001530071095607999,0.0002945812759518649,0.0005204694916010449,1.9428425956499064e-05,0.00013494728354673322,0.00021308151172686125,0.00015299581831260277,0.00010586229389691841,0.0003979640311876527,0.00025083734313842085,2.6695904527247314e-05,7.64693306636768e-05,0.00012981015772911076,0.00052075077566851,0.00027650070024885017,0.00067653777838917,0.0007164088123232336,0.00024881883133069747,0.0001230137102760301,6.230046555128041e-05,0.00038184047148253736,0.0005396024623472604,0.0014484743391590814,0.001149465417710073,0.00013887709015280984,0.0002850837147018853,7.679033475513124e-05,0.00036602344911943374,9.580604813109905e-05,5.343013664172067e-05,0.00026037986529012843,4.642284909961157e-05,5.843848819174278e-05,3.7608684417837695e-05,0.0005533477941081447,0.00014468646301772352,0.00015828611193874738,0.0004911011394218181,0.00010479044571896452,4.4846044516932645e-05,7.94305969698899e-05,0.00018256799231562224,0.00012372992988462345,0.00036584637451773233,4.939183623805207e-05]"
power_dispatch_reserves,Power dispatch reserves,bernstein,120,1.0,29,3036,473.4520584710534,457.9613339773508,3.2718675981107164,0.059193553617568305,0.8883445491797469,0.004949947689000723,"[4.404769378974992e-05,7.94778093500677e-05,0.0006826362464464773,0.0003531015734165293,0.00015309459343849232,0.0011464861116668216,0.0001446362532188988,0.0002050453087950908,3.426337546795488e-05,5.361116662928632e-05,4.307477044781712e-05,0.0008586605245754812,0.0001996224920970745,0.00021573910701340592,0.00011977073908634207,3.838808904489765e-05,0.0012418431543098063,0.0003694596774133069,0.00016081724720661323,0.0003703410073032829,0.0012800101943801364,6.899065449598248e-05,0.0004209657406989163,0.0004695915631811654,0.00011467300505407977,0.00032803081484029473,0.00027539955033041894,0.0002350451097347794,0.00010124307964274511,0.000835229599646641,0.0004944207263520826,0.00026792571054487545,0.0007679441659682689,0.00013824240331155642,0.0002532173247209997,0.0005562480936529115,2.9078286685255e-05,0.0017915816415966178,0.00014947461107391814,0.00024270588221248543,0.0001922205872002386,0.0004718158916564143,0.0006955232298568925,5.0190223594679195e-05,0.0003697824050548467,0.00010285110963740375,0.0011125381657539715,7.568216233760181e-05,6.352809156247834e-05,0.00018310788673213982,8.126126571867141e-05,0.0006422085761369053,0.0001059289502552869,3.361137022461596e-05,0.00030763359117130605,0.00023776226136308065,0.00012190328356216582,7.396913097667628e-05,0.0002570878118999132,6.51301141580635e-05,0.00011875050145811929,0.0001464819741608834,0.00018469612533137655,6.795457358183271e-05,4.0366011370727527e-05,0.0007169548047044213,0.00022063640991457206,0.00019239967006419074,0.00013788543306194858,0.002712249162401365,0.0026982579921642352,0.0006970058699230658,0.00031144134329442585,0.002959677680820407,0.000269330203610872,0.00021604655167000513,0.00018877110698779922,0.000215215684122292,0.00013901740550257012,0.00032713134997098615,0.00017041278927536985,0.001220754649285248,0.0008062750448167668,8.785971905564935e-05,0.00034139095565178043,0.00021156572537467408,4.0729311491815356e-05,0.0006846742234352093,0.00025277976751736126,9.094094636739399e-05,0.00022408733043490346,0.00046856808402978155,0.0008630283698964104,0.00022556068075613313,0.0001235883553126546,0.0007846166956844882,0.00022825983012185623,0.0004389048711253508,0.0005023782551924825,0.00014762000818377478,0.0007708089398770299,0.00020231069305043343,0.00041398868752129294,0.0003882341714169585,0.0001454437088041131,0.0009288237116623185,6.0717147355314414e-05,0.00010461560172216615,0.00038703705830662056,0.00042671218925221133,0.00036889557657113307,0.00023339190777198156,0.00010493340033950434,3.1958137829165034e-05,0.00013087906442512634,6.169297715710151e-05,0.0005999773649641073,0.00026445120625779596,0.001248513847517751,0.002074477932397816]"
healthcare_staffing,Healthcare staffing,cantelli,60,1.0,0,4007,2077.594763181694,1673.8930515907919,19.43120567808231,0.0753980774385039,0.9278330159230438,1.0120642499654972e-59,"[0.00020999504954161724,0.0004828727708311698,0.000638079685634805,0.001345627239792231,0.0005763173009879693,0.00078523871298681,0.0007220258578637751,0.00036584683685528154,0.00072352048247363,0.0006997380144373071,0.0004999884418025171,0.0007138633231710237,0.0005031384682174925,0.0011471627655724656,0.0012036549709646758,0.0007972242247398869,0.000311674397493871,0.00035104052423156175,0.0002159856655884651,0.0003732180856954236,0.0006701858580404128,0.0008270442149897839,0.000267971513568622,0.002395518952663917,0.001402638542260307,0.001095524898856949,0.0003268209516864343,0.0005628742172527116,0.0005105712046060557,0.0006819276010860696,0.0007079456493147176,0.00027868121202059674,0.00046224702300791913,0.0001070562497451205,0.0006553743514437078,0.0011787645176545521,0.0003340684259634701,0.001690987825548594,0.001556490947262878,0.00017171578821068473,0.0013424092782088242,0.0005327215248605308,0.00023110951587028395,0.0005518928629697749,0.002209569340590009,0.002706022790608337,0.0016053131897873951,0.00034624752211925445,0.0017844915968992688,0.00027603890969224627,0.0037699038718921776,0.0005818757778887219,0.0007048101844024596,0.00040455343786704025,0.0004060344021276686,0.000122274682465318,0.0003360244077259348,0.000629862987286224,0.0025668338085021868,0.00034138714373295524]"
healthcare_staffing,Healthcare staffing,cantelli,60,1.0,1,4008,2077.594763181694,1888.0619296401776,9.122704624614078,0.05649863155768196,0.96790600433534,4.729465778270868e-79,"[0.00022740688257327774,0.0004230028848323608,0.0006201792125543327,0.000568423874847351,0.0011448620197724818,0.0005451222343233744,0.00042102419479863023,0.002824931577858743,0.0006650434594217634,0.0007668237877133785,0.0009389688428506331,0.0007269884618142906,0.0008447805547708352,0.0014557888271380412,0.0009044029605997842,0.0004428596470427994,0.0011159264602562976,0.0006077322349137921,0.001360368569826069,0.0010557876683052582,0.0010278131782526425,0.0011659611671567536,0.0004580595438143607,0.0002071051124913218,0.0002444938688208675,0.0002744709759031432,0.00035077609187577393,0.0002070922815673787,0.0006824562461659544,0.0009081307279179076,0.0010510437758958074,0.0004898375969319393,0.001171213260172632,0.0006357099824776169,0.0008785777443113233,0.001019530710141099,0.0008278006062784257,0.0008408504946514511,0.0015236862901650365,0.0004746341627027816,0.0009050611475340869,0.0007929196210098821,0.0006429971077857494,0.0013689520389746548,0.0019668152241811582,0.0009186740136407766,0.001123025880656599,0.0007491014075623397,0.0008172493570529789,0.001026248045491901,0.0010604549777929384,0.001048536932132262,0.00024999072913039144,0.0010994053757582983,0.00021778096061503762,0.00042069174202970163,0.0009449236247430302,0.0009930741555446326,0.000807873728433009,0.0007465557555741016]"
healthcare_staffing,Healthcare staffing,cantelli,60,1.0,2,4009,2077.5947631816935,1753.142362118749,15.616731752156904,0.08385835348179092,0.9450302034761892,6.908183055252667e-54,"[0.0007330326633869375,0.0008765540623971078,0.0014493275033130003,0.0002917308916612693,0.0012416186766682057,0.0005411177437657051,0.0003839801665807169,0.0002705704583644999,0.0005576270189669721,0.0006415673455423587,0.001843476550566737,0.0016611889247242439,0.0012542003193844352,0.0019140655680722344,0.0005177842488803552,0.0011544953734780913,0.00042381913686725703,0.0016926753414385732,0.0008218338406955101,0.0003266342648488594,0.00055119124636641,0.000343312965352868,0.00085569816278633,0.0005469469775594402,0.00048503216412242636,0.000997644760288938,0.001083360456335647,0.001564860486763775,0.0002815080808627658,0.0009513917582823479,0.0016240978145898941,0.0006545890287490128,0.0003725243708220848,0.0008423829937053477,0.0013110378415079082,0.0005983176308303995,0.0005934700997643167,0.00027223674390739226,0.0005274205562795586,0.0013270031922744112,0.0008264253460724211,0.0002081850551282132,0.00031881103113178,0.000475683662005153,0.0001993632161209424,0.0008205823727922578,0.0003466075460974461,0.000293608669303137,0.0009444453588604309,0.0006482456997598677,0.0005914091856713513,0.0014625307783931994,0.0002458784574235503,0.00045430352082516834,0.004192917674133354,0.0008567812617559106,0.00022292751308096507,0.00041961072500334225,0.0011833363158522136,0.0009070191803573535]"
healthcare_staffing,Healthcare staffing,cantelli,60,1.0,3,4010,2077.594763181694,1751.1629406439295,15.71200641831887,0.06543369686833812,0.9441288455709965,1.5960777857169742e-68,"[0.0005425227552497132,0.0008080108029530281,0.00258620474762881,0.0003171437711069581,0.0012039147854701724,0.0002705110292795551,0.0006395979713273053,0.0006142476268806953,0.0007293284243295988,0.0013173943634231951,0.000303442607353643,0.0008730967111362382,0.000677545035772078,0.0003875419588295718,0.0008564022811136591,0.0006348684121712084,0.0012150229443548453,0.0032716848433819133,0.0003254887936394081,0.00030703794017407143,0.0004493145008945629,0.00023861426092169338,0.0007868004739482544,0.0007102879266440024,0.0008392905166837127,0.0023169981786152916,0.00037783167953596344,0.000316606577319886,0.0019278179510830787,0.0005373563053008354,0.0006247616479617534,0.0015303339652875125,0.00040976824379530027,0.00020050416237595015,0.0007835091890739046,0.00020499342777712353,0.000656322849963257,0.000915918608312407,0.00028796989239441743,0.0014821746608278605,0.000352434692625628,0.0007077067476043386,0.00028743661678319664,0.00112082271537653,0.0005985654067951687,0.00044154768559763534,0.001083282387608583,0.0007490904940589949,0.0015685410261896452,0.0005371248303625415,0.0006795546693600072,0.0007231047454615235,0.001201137567516939,0.002532310288084046,0.0005116538798727465,0.0005905436658352964,0.000286394170447527,0.001319510998406686,0.0005413797323710011,0.0006896748548147492]"
healthcare_staffing,Healthcare staffing,cantelli,60,1.0,4,4011,2077.5947631816944,1766.0683464927997,14.994570751218742,0.0634706093873784,0.9474627409781861,1.3920196898891947e-70,"[0.0009932943101351303,0.00011622545088798785,0.00047213884478503347,0.00041048679984793414,0.003173530469425416,0.00038182826067515157,0.0004809788069141927,0.0004996683510602674,0.0006695914916536669,0.0006463305409787885,0.0004782455920111422,0.001155477962581448,0.00038240546559293145,0.0006420088570858467,0.0007805976431064941,0.0005202313595233465,0.0006411283659653784,0.00063282548488954,0.0019211300884181466,0.0015063250543380573,0.0003774705319072195,0.0005251896929121389,0.0009309322293294419,0.0026881352083318872,0.00037151244228177344,0.0009393468602697391,0.00036929580682894963,0.001372335305831156,0.0006088403215831793,0.0006956266575272607,0.002591411130912065,0.0007608485655924566,0.0022141404652500866,0.00026550442732087835,0.00028643586757517937,0.00026624402209713365,0.000644328732420766,0.000746041933715805,0.0004934919197975049,0.0013252186280186726,0.0008729159908093728,0.0009517606499445315,0.001101272508957882,0.0008900953691167886,0.0008227233344143729,0.000405959655990287,0.0008010349887237356,0.00044495648619742166,0.001314309593059019,0.0003865755968006401,0.00028917681837874523,0.0007267463659843055,0.0015366754000144917,0.0010945234002996324,0.00026458578064093646,0.0006317143939801709,0.00046744506095645184,0.0007859919673297874,0.0007761845178624209,0.000458552172049923]"
healthcare_staffing,Healthcare staffing,cantelli,60,1.0,5,4012,2077.594763181694,1701.5319142196997,18.10087586022212,0.09312472553291445,0.9358041509255786,1.0358415830104796e-48,"[0.0008549289329858841,0.0005756270536607225,0.004656236276706258,0.0011348849278135964,0.00045882975298041777,0.0009361985987214772,0.0006461919667353198,0.0007806437862678907,0.00035163062982171444,0.00015589137078750835,0.0013326081957647285,0.0015148410027391358,0.00031221339814218566,0.0003859564995176455,0.0006317306673393068,0.0005943804108846033,0.00023940278733890736,0.00024718606318191243,0.0005479889428462672,0.0002856623425383627,0.0007641331687918837,0.0006625186748493198,0.0014698233794603706,0.001070915988151323,0.0018025217406272193,0.0004695645609169218,0.0005766013576200255,0.002084528295442167,0.001785328029537184,0.00047924381500394396,0.00043692750483273794,0.00027212073449061226,0.0004689186711224334,0.0004026067378611216,0.0006803740282440619,0.0006696420196713945,0.0004879165812020839,0.0005636112319315962,0.00043546477341747534,0.0004002335192126035,0.0005494867672096225,0.00029140245998097547,0.0009816209147215024,0.00046122610363520417,0.001873714998402665,0.0009698074604348921,0.0010968166567751397,0.0002848029606614159,0.0002858852411464444,0.0008572125586381533,0.001016001293603193,0.0018878407647562538,0.0008295424142364714,0.0003694768102629135,0.0016395117072526492,0.0016780328614313755,0.0007569515675962398,0.001120055002597433,0.00010568089947125386,0.0003189021386759321]"
healthcare_staffing,Healthcare staffing,cantelli,60,1.0,6,4013,2077.594763181694,1817.276132169609,12.529807815525338,0.04792221176644701,0.9546260756390623,7.628287730426705e-93,"[0.001987566077034735,0.0009199815291791086,0.000980571376853586,0.00047644516608548026,0.00017853415974883574,0.0005205299342500996,0.0007894886166772961,0.002283930635066426,0.0006532033695573376,0.00044480752839562367,0.001156162667221045,0.0001915654014781953,0.0004063276400643349,0.00017522220654682576,0.00044361612986738494,0.0005627743674170764,0.0003488583079808683,0.0008626327484492385,0.0012343430584414844,0.00048362730420240777,0.0011799656620159686,0.001055720893379645,0.0018991609991785875,0.0003744595452897686,0.0009432591045819563,0.00030069094202855254,0.0012036646684834887,0.0008682921120296905,0.00036968030289137176,0.0009366952294918069,0.001209268587587164,0.0003600337257299135,0.0013967106142080384,0.0005535466203441046,0.0021036346392672624,0.0007537378566393384,0.0009162966867557155,0.00039280913253479096,0.0013201300886616484,0.0003956748528113588,0.002396110588304084,0.0014441025734678909,0.0006487424077466087,0.0009581460578964908,0.0006613559885737504,0.000628951897410819,0.0016015762066564848,0.0004536282454050863,0.00039677610075120474,0.0013040922305915456,0.0005336729795126752,0.0012544072783378887,0.0003985583162011346,0.0006344359805538435,0.0006062886186507452,0.0009518986082589528,0.00037718732332217846,0.00017945893949199694,0.0004795041750533895,0.00045748499500450265]"
healthcare_staffing,Healthcare staffing,cantelli,60,1.0,7,4014,2077.5947631816935,1792.0208933274137,13.745407666360453,0.05167550372903911,0.9492035551793316,3.026960599624477e-86,"[0.0011425416534075704,0.00210077203943404,0.0005357466452151581,0.0010808366422437148,0.0005759622531339796,0.0007115035280198709,0.001225566827578173,0.0006460721106300911,0.00028043290248754287,0.0017651948823219884,0.0003528228877144058,0.0002070797428163543,0.00026120563292819144,0.00023867820710173757,0.0020842096096365037,0.0003164737368643356,0.0006935442384868066,0.00014057100009068436,0.000585343988571854,0.00123402614043288,0.000274306916587871,0.0017421866642866998,0.00024151838990799562,0.0013358517849173701,0.0025837751864507524,0.00024613162719777616,0.0008907233498039284,0.0010110743477657652,0.0014149115064561648,0.0004249590916650541,0.000589875035686378,0.001255901015127783,0.0005972524194760688,0.0004917546916174126,0.0013384100238607523,0.0004252341288514467,0.000947702791929252,0.0011088502971054546,0.0014539601112484677,0.0007171399165802392,0.0014361365912602376,0.0009214802703392938,0.0008423142105957893,0.0002737671340384243,0.0005313659733065009,0.000787300256220527,0.0002711134500062332,0.0007914236438762831,0.0008115505953653808,0.00039977503097902956,0.0002864179319765441,0.000956955538304117,0.0008441152544698886,0.00037784369628110525,0.00023110445101158874,0.0005856030074151957,0.0004827045599062765,0.0022956139054914754,0.0005607767676806068,0.0010425337658137106]"
healthcare_staffing,Healthcare staffing,cantelli,60,1.0,8,4015,2077.594763181694,1734.4938696584313,16.514331841972258,0.086623514439664,0.9418887169135948,3.1591391854809046e-52,"[0.0018005637300488088,0.0006138440172981838,0.0004890291943926304,0.0016134030489578883,0.0005676323848891375,0.00038524216671862984,0.0006169860240776187,0.000884093809139984,0.0005432761261524671,0.0008389120878475449,0.0010136794972761673,0.0008726494090187734,0.0006806177871480515,0.0010197062992210752,0.0009398928218737285,0.001370158003055724,0.0008557707310046556,0.00021039466021967443,0.00041921117966362334,0.001189013028762083,0.0009825011847156362,0.0007756908942863794,0.0008534144493373149,0.0002614176373775651,0.00048739726720057014,0.00152077888983186,0.0005345532963253684,0.0005391796292860597,0.0004690809645122486,0.0011195326867804853,0.0017613693026384911,0.00039299248992304267,0.0017960409605354882,0.0005105734115378646,0.0006121862160816627,0.0023404927769540415,0.0017389969401037499,0.0013995353086279907,0.0005478093200471843,0.0008155252768812946,0.00016748575202953336,0.0002922925143680907,0.00070878514199625,0.0011570082782939735,0.0003871911477569286,0.00015723746823525868,0.0003277885980173551,0.0006342578135941948,0.00048470122820453777,0.000565242941469925,0.0004079387422113764,0.00017575386978852664,0.00016690400674805773,0.0007474885032500991,0.0006866613183763177,0.0009073352356053605,0.00020821277993959023,0.0005645603274663096,0.0005388337002037024,0.004331175721915802]"
healthcare_staffing,Healthcare staffing,cantelli,60,1.0,9,4016,2077.5947631816944,1789.9279959355433,13.84614422138844,0.05940832311341694,0.9515819734254783,2.821770221157719e-75,"[0.00029987949430331385,0.0008962823287957833,0.0008172907390608397,0.0009545678090621616,0.002698018349961761,0.00026631602824572103,0.0005719200521611509,0.0004460055592575708,0.0010049852384693397,0.0005201522901661692,0.0009293397602975361,0.00040966591258099035,0.0018023391301682744,0.002465316377792228,0.0007419113507418668,0.0006794738395584618,0.0008587729664311698,0.0002625065149739711,0.0013345059431337032,0.0016475611206190823,0.0007213613819324847,0.00026601069680309435,0.0002550874353445396,0.0005402043327495905,0.0003004713705072879,0.0004907306076534543,0.0005402647910384487,0.0005815892481769039,0.000577092131266422,0.001092298966459224,0.0006457405818811363,0.00028744034231836227,0.0006916948587453913,0.00044367614007346547,0.0003651919098729737,0.0003455561077400213,0.0013487676568386968,0.0004982895269177912,0.001230498222772164,0.0003151781696081684,0.000912387877791526,0.0007996897736824908,0.00039178940787398483,0.0005442615384335519,0.0005262815375470023,0.0013535066426144816,0.0010263569216966773,0.0006646442987318902,0.0008776958874429865,0.00047071690210790095,0.000385633081938152,0.0010633245901169193,0.0018604903280222765,0.000599744396778469,0.0006437106152499198,0.0007947367996266353,0.00043467072817092613,0.0012692831146832433,0.0029704161556828794,0.0012667041175299023]"
healthcare_staffing,Healthcare staffing,cantelli,60,1.0,10,4017,2077.594763181694,1726.304029091282,16.90853001344854,0.06242097382601894,0.9382037233044512,9.760766645629235e-72,"[0.000564792096220855,0.0005298381735906703,0.00022051960312974924,0.0015615769770268456,0.00025712532641188225,0.0010230230315058843,0.0004717678315567754,0.0006993381681357628,8.0728458327326e-05,0.00035958022652233954,0.0009797060606770336,0.0005069555510066469,0.0018438875011526736,0.00046014018713336566,0.0006532342182867985,0.002305618205591411,0.0029485660652130274,0.0006649102537695925,0.0005454801634961814,0.0006652061579342455,0.00015039736342283466,0.0013243477303751048,0.00044455233232353124,0.001162343688570987,0.0011835997676570929,0.0003688000180806971,0.0015168816946449636,0.0011115911230315243,0.0018576015325547375,0.00026267707637232926,0.0013014171637819693,0.0003619337566748514,0.0015807255218926784,0.0005988612947213119,0.00041210081761149965,0.0006039259863328868,0.00054969171762255,0.00042346201428550257,0.00025655445854931233,0.0031210486912943702,0.0004477476049623723,0.0004451835328016884,0.0008360389350806172,0.0004289249141498207,0.000720917486233734,0.00026790006405082905,0.0006438597370676747,0.000805408744572135,0.0006030041753725774,0.0008669002547119074,0.0022506010439816873,0.000690626754508268,0.0009576031204155792,0.0004954496154611852,0.0005644427590264812,0.0002746690308028699,0.00029831284751145697,0.000540554931628395,0.0003526849354511524,0.0015746615056144]"
healthcare_staffing,Healthcare staffing,cantelli,60,1.0,11,4018,2077.594763181694,1812.5071251532854,12.759352436104765,0.05206646088029323,0.9535717074173582,1.2992697579078493e-85,"[0.000484643161797345,0.00034700538117313803,0.00029688342850708004,0.0004666547033591777,0.0008446190798371568,0.0014796692142783527,0.0005329153463766769,0.001329283116459372,0.001303501400193898,0.00033447365520763105,0.00017390125145793131,0.0006158808613065367,0.0005831075563123355,0.0009305153478674658,0.0015995168317566144,0.0013305297851207698,0.0006334347547437245,0.0005784556344105273,0.0008832664778749214,0.0004053595394996091,0.0004927119249445744,0.0004921274948964825,0.00042196134331077526,0.0006354022535875564,0.00035653754588258553,0.0016726075639258732,0.0013828994562533285,0.0009738303082781944,0.0006825285598492746,0.002603323043990728,0.0010501347338745513,0.0004747963412187311,0.0002956183966418242,0.0009695524537624224,0.0017728419672813234,0.0004340913924800723,0.0015909547237258253,0.0006202435448005748,0.001919872248051379,0.0017494882902906394,0.0006073303382736841,0.0005872401694733585,0.0010498999212243802,0.0001853840447839395,0.000264203613041044,0.0007431883971451251,0.00019470977242023318,0.0004189550851553264,0.0004622002686257131,0.0002172150596521139,0.0012000608852806751,0.000948923828579448,0.000627928813787421,0.0021281497116236994,0.0003150792768460563,0.0007357772496117963,0.0007070830364545106,0.0013062859975699853,0.0010287487522160754,0.0005264956631887696]"
healthcare_staffing,Healthcare staffing,cantelli,60,1.0,12,4019,2077.594763181694,1802.7932749670624,13.226905125318657,0.05391931850589476,0.9536141172170094,9.89453844501364e-83,"[0.0003955751673009872,0.0006636256081014494,0.000489438290597213,0.0005278816027997231,0.0019859439863840504,0.0007850342194394113,0.001258754226815306,0.0008860650159930087,0.0016014697447804568,0.0012710379782282708,0.0007787108663031314,0.0005661722103608972,0.0005551504951872842,0.00026855680859684495,0.0003179887426646977,0.0007045870379937893,0.0005629803287582664,0.001103189431206469,0.0005619459389130288,0.0007550070833383699,0.0010995935113975149,0.0017199149281714678,0.001483995794515257,0.0007150399923588203,0.0007749853062026859,0.0006503313193475359,0.0017544899702998502,0.001962607919324023,0.0026959659253268115,0.0003077276521258931,0.00263906225913941,0.0003168389309887767,0.0002973091848220542,0.0010356782022262158,0.0003744881346181518,0.0004925125435962705,0.0006684724798025202,0.000429401697044652,0.00036595809073406744,0.0005026606614318801,0.0004326491834072526,0.0006486507703845205,0.0006028525142705633,0.00043155738268210936,0.0004663673243324351,0.0003953568786074817,0.00044400349661868004,0.0004121727731350636,0.0005612513502814068,0.0014677564974306106,0.0013128244917637705,0.00047396332893048256,0.0009138735539678717,0.00044442378761316024,0.0014663021689809445,0.00032509423280152724,0.000421465754548637,0.0010139229974908293,0.0009867778534491337,0.00045258437266185706]"
healthcare_staffing,Healthcare staffing,cantelli,60,1.0,13,4020,2077.5947631816935,1860.9420896815348,10.428052541313209,0.04388089516033549,0.9627335394071803,3.288576823242467e-101,"[0.0009886382393023544,0.0005619288220760799,0.0010368989330498605,0.0009229638510569843,0.0007074895730886188,0.0010396610067905814,0.0010957779171242945,0.0005037385557141308,0.0019510461682629527,0.0007177221425227899,0.0006345750226338375,0.0017976432020693788,0.0012988715103502192,0.0007156821158680513,0.00036110660311267626,0.0009066866487687664,0.0006757984320216048,0.00030055672830656566,0.0005322644684993829,0.001241058555513807,0.0003816426810780779,0.001554564145545689,0.0020441204375032437,0.0011848441878537243,0.002194044757991902,0.0007152862720446299,0.0009603191901674783,0.00034484316410452663,0.00041920169776671226,0.0012313591905412256,0.0006701196878904413,0.0012311040183725864,0.001782386374453513,0.0007974989198063136,0.0003177491182789658,0.0002474265148306123,0.0008643233741741557,0.00044530311426521044,0.0010120847373670699,0.0006676253973268284,0.0006982606539603647,0.001498282640275583,0.0010022515980164372,0.00017059826790538843,0.0007008802496322253,0.0004426464900414589,0.0010580228069821396,0.00033723166529672885,0.00034318069914439294,0.00034917450543291444,0.00035613732589330266,0.0008813739118068317,0.0013255165757306824,0.0005234726453491494,0.0007815807776593118,0.0003050871029105941,0.00041225168423862445,0.0008556484355939035,0.00033590755530494925,0.0005665389307623553]"
healthcare_staffing,Healthcare staffing,cantelli,60,1.0,14,4021,2077.5947631816944,1691.2708236569608,18.594768641652948,0.07276619923108689,0.931006368433927,8.206929910674908e-62,"[0.0002494958142082478,0.00037306007721888096,0.0006228157854409591,0.003638309961521198,0.0002492805191419275,0.0007914879412935568,0.00024631111507124933,0.0009432160841886868,0.00038020179470765677,0.00041149478423491907,0.0005904132957569152,0.00026446695038889127,0.0015744303931255444,0.0016487208680253974,0.0005491499946496667,0.00207110274844996,0.0002546338805629439,0.0008583204968900751,0.00019392195649514573,0.0005167543934336825,0.0010722068788921635,0.0005975932004044324,0.0007013369146846146,0.0005348834315974284,0.00041575345794635156,0.0027431803051038324,0.00042962853076045006,0.00018522202875258297,0.0006276245907557321,0.00048038512528250383,0.001562038610101896,0.00017924088516061142,0.00046737301178500297,0.0017979068495668057,0.0010854042955513216,0.0004155697042020762,0.0003255011923174456,0.0008841763669748073,0.0012358123766398805,0.00047615404923935647,0.0005095034872418679,0.00034783501685000306,0.0018741230425699655,0.002401803850729563,0.0003169537020291717,0.0009249411090038637,0.00042877956899114663,0.0012379314804861375,0.0008132434316876869,0.0003506415286739123,0.0004231870603344568,0.0013557953678149043,0.0009320159956207111,0.0008485962477451058,0.00023693952063494954,0.0003530656041063458,0.0006093406519435834,0.0002053448644669624,0.001276797900622957,0.0019085799074663877]"
healthcare_staffing,Healthcare staffing,cantelli,60,1.0,15,4022,2077.5947631816944,1754.7698291750355,15.538397560854193,0.059843352541750855,0.9447635421376545,1.0760637563388342e-74,"[0.0003985813858713209,0.0005277190440120794,0.001035501550039738,0.0005599994116995443,0.0006244769101807382,0.0006090251552059434,0.0020290460849147164,0.0016712702387560957,0.0010490069294807846,0.000405815563810709,0.0007293090047576153,0.0007906338425876165,0.0005674523351627406,0.0005386897650010852,0.0029921676270853776,0.0004581669656508782,0.0004069483078347348,0.000267770158019016,0.0013615346858215083,0.00033867782233355234,0.0007136651889861262,0.0024450750297403873,0.0003575981893693299,0.0005681106673476425,0.0004528883503469513,0.0008085310153868239,0.0005844838848742448,0.000920758161695138,0.0003427101570897834,0.00043674493820177834,0.0003064309618609435,0.0008973750575206462,0.0002372767955695364,0.0008480215604182377,0.0017648740294624883,0.00039764955515826834,0.0009227988963721474,0.0010143612804008936,0.0006108059702987617,0.0017784795293556864,0.0017045570197846205,0.000607897884263065,0.0008491582910375208,0.0008511439234337969,0.00035665953795494497,0.0003673959075176283,0.0001788064664358653,0.0029544460122332226,0.0008790763233046025,0.0008197302591971555,0.0006214438232871807,0.0016564781176138098,0.0009266474810281884,0.00015624673694689757,0.0003521962614039131,0.0006839086735080076,0.0008027680137904941,0.0006103443108791602,0.000619451024579996,0.00023121192408214012]"
healthcare_staffing,Healthcare staffing,cantelli,60,1.0,16,4023,2077.5947631816944,1817.287552878042,12.529258107341855,0.05643415188885503,0.9555178476324748,3.8613395057667297e-79,"[0.000644012986569709,0.002072024277741405,0.0009522565243779618,0.000969733878516182,0.0008532579565282799,0.00026889764900470917,0.0002504412269414912,0.0006800018975381425,0.0009431472985624207,0.0003776917405369218,0.0009524163167195442,0.0012160092574429186,0.0005571352345935109,0.00029433305938534384,0.0012271331979112395,0.0007327831777965006,0.0005377989343445116,0.000979423646891337,0.0005906976930613466,0.0017170380814961969,0.0002135021515486378,0.0003524017054173412,0.001668170157598439,0.001131761104139842,0.0011140107128708992,0.00038421633509597446,0.0013295841164497396,0.0003922794753992193,0.000579023686766683,0.0006830036094627354,0.000495297742423863,0.0007349927566146689,0.0014399290413346691,0.0010648456026451372,0.0002512557272520413,0.002821707594476868,0.0007084127160022728,0.0002765336275764548,0.00044642846204763547,0.0002470621654594106,0.0009822289625950943,0.00043282633068347353,0.001891298753089196,0.0005284001236693149,0.0008713925701631978,0.0007375668604153975,0.0010356007685493013,0.0005188114655354825,0.0009056606985741904,0.00034195395545411793,0.0007612333174614544,0.0003061930013542887,0.0005411487067719285,0.000257806074747448,0.001108115118358985,0.0007745188268173419,0.000567132931446193,0.0010664873560277633,0.002453039034045904,0.0007679326183022578]"
healthcare_staffing,Healthcare staffing,cantelli,60,1.0,17,4024,2077.5947631816944,1827.5706439089208,12.034306386577462,0.04770531582918889,0.9575304714242531,2.9471116697706425e-93,"[0.00045425955309849955,0.0007145653040903242,0.00031381364666795337,0.0003262928713687926,0.0016117721845435174,0.00016004236595075033,0.0011151640293225614,0.001797483974207949,0.0004059672615446135,0.0019759888594872233,0.0006880567851151625,0.0022357917393467487,0.000364324441858775,0.0009298777418397569,0.0005481508822025119,0.0010344818904580383,0.0005388301766674115,0.00045262714639542843,0.00045782843613289485,0.00035880233315687657,0.0007777201439303503,0.0004182841598597291,0.00045459738002524727,0.0014815639641899657,0.0021142286690949185,0.0009808195903545807,0.0008817737563452969,0.0005470442547711443,0.0006960758926941698,0.001097814793107031,0.0018027749870576015,0.000708993304871913,0.0005576611307318438,0.0003465845008877455,0.000635520170807431,0.0003826482949022858,0.0007657351147538015,0.0005234104828930021,0.0007429032332296212,0.0009627255057695436,0.0006188327150272732,0.0008671906598343239,0.0002694884736825306,0.0009611309084146938,0.002385265791463689,0.00032894051148949193,0.0008272510891851974,0.0010126006657937173,0.0008858846795980581,0.0010652422292255236,0.0007909721056088279,0.0005112928617308497,0.0006559190307718471,0.00029833164757779124,0.0018557282141037847,0.0009538696050268459,0.0002841753087607198,0.0008172128052871143,0.0007747195184051235,0.0004729502253685529]"
healthcare_staffing,Healthcare staffing,cantelli,60,1.0,18,4025,2077.594763181694,1871.132052135755,9.937583339387873,0.04708378108232408,0.9640086081564986,1.8399758345191527e-94,"[0.0005843064623492667,0.0007356075143376429,0.00035567758296506824,0.0005989482556594251,0.00012388000026370538,0.0011711571264345294,0.0008615297981327009,0.0011150334741277918,0.0019489955235796781,0.0015901148714536648,0.00044385752522308695,0.0010661900487635007,0.0005343736874763474,0.0008061950906580341,0.0007255051444516204,0.0009900046571498012,0.00035928500297090964,0.0005873117142081893,0.0010759287077679574,0.0010143933578904013,0.0004572170981031155,0.0013806335767598248,0.0004025418843361358,0.0007861040570718758,0.000956465648373939,0.0007786255091237404,0.001488874500502928,0.00017069299310929072,0.0014622858550722298,0.0006069178766565884,0.0010093823577382905,0.0010342218949885226,0.0014261510953820836,0.0005362548444218393,0.0003176706555523489,0.0011994428350887167,0.0002842972640448502,0.0002799799699901476,0.0006196680470576376,0.0007352241894903064,0.00027939073856806995,0.00072450184209827,0.0002613155249832411,0.00125307016806147,0.001200832618166477,0.0017802744288831648,0.00042751691408076444,0.0023541890541077014,0.0008228899701130438,0.0004454841333483217,0.0010319069118625902,0.0006494960065784763,0.0013517187949305095,0.00038085193948847175,0.0011190885643118634,0.0009838193221699922,0.0006289950047272028,0.0007767911680683442,0.0006040546408030685,0.00030286455574063376]"
healthcare_staffing,Healthcare staffing,cantelli,60,1.0,19,4026,2077.5947631816944,1772.1367037259831,14.70248504996822,0.0655238248738433,0.9468246617082513,1.9708166685978925e-68,"[0.00028700767758718074,0.0005433544892509207,0.0006446412578755483,0.000186472549040213,0.0003529280342246502,0.0006745496245233419,0.0020101926202361073,0.0008247197460479815,0.0013778963725688815,0.000779855192225725,0.0004022380692226791,0.002274191970517342,0.0007211060448135426,0.0004762741782660016,0.0013031350194452744,0.000646710259323461,0.0009396105798982526,0.0005360731013236593,0.0005978133375859143,0.00012655594517562379,0.0005107185202748133,0.0008732233014715189,0.000596090530888526,0.001946302345308844,0.0006556383152690632,0.0005758407143259456,0.000860705093162636,0.002162633449574635,0.0007567491330390506,0.0003910780248356812,0.0009787951642960294,0.00011549869973170464,0.0008725353732016924,0.0004780465216875649,0.0010552307486529867,0.0007936028010059888,0.0008620880550074786,0.0010659247230397012,0.0007522637644094712,0.0002881032293657647,0.0008607570760682129,0.003276191243638936,0.0009311352967292475,0.00034122193580952867,0.001625492910574617,0.0006616154264979702,0.00033775554215038776,0.00028877996373188127,0.0008546042888135173,0.0013067682896908057,0.000791014805251069,0.0002563635561648423,0.0003771962634974967,0.001964871477733962,0.0005090392830828924,0.00015432506071463514,0.0010046271389301813,0.00024066745310005844,0.0006825424541824489,0.0012386359551235554]"
healthcare_staffing,Healthcare staffing,cantelli,60,1.0,20,4027,2077.5947631816944,1854.6296683957594,10.731885675552974,0.04146289709429932,0.9612745452986869,8.549599174292304e-107,"[0.0007064859237349383,0.0014070247784929452,0.00043693932301260707,0.00035677831698771915,0.0007708966814112487,0.0006264992029321969,0.0005281647429633157,0.0008124654180453112,0.00151772069336933,0.0014626279862905642,0.001069003447966463,0.0007238726911437076,0.0002815015626022261,0.00048767267722251345,0.0001453062183229708,0.0006852381501965102,0.00044580209923802505,0.00045439739642485816,0.000542818942095966,0.0008361681443035463,0.0011583154300741157,0.0020684976761651615,0.0012258520806865674,0.00045945890843828157,0.0017768835662959487,0.0004475887141285997,0.0008519112614530701,0.0006303642840163367,0.00046909273110922384,0.0006845565131986471,0.0008118869151625445,0.001166042124096846,0.0014070844524205716,0.00033137594944646716,0.0006023550751801306,0.0004985515171569833,0.00025819432625952884,0.0008297908491012413,0.00020156471627204756,0.002073144854706896,0.0015551934522273253,0.0016776202277988444,0.0004798687746295899,0.0010042397967544017,0.0015247319365902993,0.0004166178726487221,0.0009190888691432637,0.00037720332375709606,0.0003728243873349522,0.001531596975371702,0.000648037646048778,0.0008194576145545995,0.00020222152003916582,0.001295517096922067,0.0006541286438141911,0.0016435963537491717,0.0005920828281173882,0.0007841264932796377,0.00047104664006752256,0.0007809032048304776]"
healthcare_staffing,Healthcare staffing,cantelli,60,1.0,21,4028,2077.5947631816944,1594.220400904436,23.26605605883428,0.1195306999237471,0.9173350001791466,2.353479081303008e-38,"[0.0005378139211594175,0.00030547238739301956,0.0013856084345718386,0.0011218787359950212,0.0004337832475255145,0.00013942112108599245,0.0003892861823170233,0.00029365556955153146,0.0004735604864806042,0.00025978807070210373,0.00015870754323801865,0.000531517089712379,0.0002536602166077475,0.0026248654359047234,0.00037396568409312934,0.00035246388508967155,0.000771509506780059,0.00027387701651057037,0.005976534996266167,0.00031800474798695697,0.0010417019927151223,0.0007032254990532713,0.00037579488827017756,0.0011324088374242754,0.0008126092780613534,0.0011289098635040126,0.0008179582266444234,0.0007394249663284552,0.0005585918638240559,0.0020406297161131965,0.0005331473150907373,0.0007618798529388771,0.0005811676943101656,0.0005010597678225938,0.00036162396171917456,0.0007450134650084698,0.001432289582328365,0.00036521860138113776,0.0012086638074100702,0.0008611403103374551,0.0005922848602262511,0.0005064507117575043,0.0003234078023645742,0.0009753023704423013,0.0005663935084482519,0.000522336021147084,0.00024262844141639635,0.0004952392068070543,0.001098159510489136,0.00025779254789022024,0.0009540080221622588,0.0001645794303367957,0.002123545726490832,0.0011774997388319898,0.0006874361087283122,0.00048102510053457627,0.0021368541872102955,0.0009478097478782266,0.0018920298008471472,0.0001773833873932628]"
healthcare_staffing,Healthcare staffing,cantelli,60,1.0,22,4029,2077.5947631816944,1621.8698463378066,21.935216863272036,0.11718591908974807,0.9235922952987912,4.3695564402127524e-39,"[0.0006495101043051041,0.0004694004906164313,0.001417068022806868,0.0004695726321777556,0.00019104807019961042,0.0003284225979349676,0.0010619051448087862,0.00036086303727821296,0.0023261848022462493,0.0007918461662906177,0.0005071304710748865,0.0010190814350062316,0.0003383152480629083,0.000340436800671934,0.0011693443581180763,0.0003442933697629746,0.00032945901374715147,0.00032556532148115907,0.0007719977381175298,0.0005969532361288017,0.0014943854517748259,0.000594235031765397,0.0006190025708448187,0.0003321370494977126,0.0004976501864528841,0.00025769237720701043,0.000282827852006955,0.0009167054383415509,0.00041569277578996846,0.0006241214473343189,0.002284114084883753,0.0009275552125641759,0.0003669300746220514,0.002096985868198284,0.00026121092764267096,0.0005415015310358464,0.0016224405626119767,0.0003006289020653705,0.00024549229176238415,0.005859295954585559,0.0009898957622236798,0.00048307450957614225,0.00024697205083390645,0.0007329202965706979,0.0013559213927518345,0.0012610785351146667,0.0007136234256413829,0.00025343307443231975,0.00089666256189988,0.0012053884779412583,0.0007806525400148373,0.0005079390188749535,0.0005030286216919544,0.0006803739082901718,0.0002945126340505432,0.0012354415873601712,0.0003371521947092769,0.0005112489010070862,0.001371020785867602,0.0012906560701614746]"
healthcare_staffing,Healthcare staffing,cantelli,60,1.0,23,4030,2077.5947631816944,1772.102100407811,14.704150597012593,0.06511863151057784,0.9469710181830796,7.601184097026244e-69,"[0.00036411402233805536,0.0014542843665368863,0.0006373905402594032,0.0005922416864565295,0.0010497484557950242,0.00017449564966053412,0.0003247120025181466,0.0007955832477913501,0.0005678195227794946,0.0005483919370392668,0.0013352462991037127,0.000374782746587929,0.0022266470129909187,0.000535565457046164,0.00025212681060135425,0.0005631665252248748,0.000498063974129304,0.001547239962837778,0.00042502089900941733,0.0002198968559527425,0.0005542529612477354,0.0014075754075190336,0.001126645649552306,0.001365755845949039,0.00047508436912568284,0.0019249078372060254,0.0013223449809218817,0.0007019794655621848,0.0006809510348773919,0.0008141828259605135,0.0015322341760928687,0.0007756180976412634,0.00035094267139184525,0.00042845192599436885,0.000610756873941614,0.0008669220244703816,0.0001593250664549466,0.0004584578476667513,0.0017233548645364642,0.001447525910578327,0.0005783440072926454,0.00046388244531029915,0.0004996178737585368,0.0007211542609646838,0.0004404113197403924,0.0009939532391647489,0.0005154742865273824,0.0020141196966711465,0.00044377626648838453,0.0005707978313402567,0.001849524097064101,0.000143571649104711,0.00038259751504689005,0.00041394009495183444,0.0009152086007038875,0.003255931575500819,0.00045663853200304095,0.0008500401005539228,0.00032347711456135267,0.0009537316814703445]"
healthcare_staffing,Healthcare staffing,cantelli,60,1.0,24,4031,2077.5947631816953,1838.766755828274,11.495408613163447,0.06722793008609912,0.9603289865358522,9.556310572747402e-67,"[0.0006916636902795316,0.0009585579595058224,0.0005808889154485195,0.0006277917091660657,0.00046498728832244197,0.00044708761168165957,0.00026754985979076344,0.0008336063164507333,0.00018193072506472193,0.0004638203782001815,0.0004221282115226484,0.0009082887408349989,0.001924402915834611,0.000916296665838296,0.0007739257998761655,0.0007160991165630316,0.0004021914094832296,0.000407401968007752,0.0005490888085703137,0.0005409137768705391,0.0007948815938427257,0.0007042581107334369,0.0005844662671135095,0.001265007643408666,0.0006822781223096703,0.000658568798465468,0.0009041709875030555,0.00041774672932806597,0.0004376020119315655,0.0011558293896490478,0.0012356246417773013,0.0004674613366013221,0.0009837950984253312,0.0003033680411644932,0.0005946962128504954,0.0016846179156899367,0.000457019959081812,0.0002889479395548831,0.001456811581159448,0.0006388695788218672,0.0012939063904188208,0.0033613965042683528,0.0011353234879798047,0.0011682532873751655,0.0004677599637369687,0.0012183024489354518,0.0018496830634342019,0.0012054671674837057,0.0009430559212334634,0.0002009206904513746,0.0010555639522670714,0.0007212761764990104,0.0006503040311092141,0.0009197827252929058,0.0011878911900220115,0.0012627685535195735,0.0002499594920910645,0.0006036515386097622,0.001295350041667975,0.00041473954633551065]"
healthcare_staffing,Healthcare staffing,cantelli,60,1.0,25,4032,2077.5947631816953,1650.415503602865,20.561240678361845,0.07176505244751856,0.9247866371007281,1.8192480692146868e-62,"[0.0006159093831112582,0.0001716314535843757,0.00034276634163280635,0.0006173544923461251,0.00043370270951244847,0.0002551014514707448,0.003571460633896419,0.001765298998604434,0.0025898253234080877,0.0006460311716347904,0.0005982427069371032,0.000614141208005567,0.0009409314198890835,0.001523367085227378,0.00014511954307788827,0.0009683648966717526,0.00035750781445069066,0.000709303002228789,0.0005399796721629519,0.0014998540031677242,0.0005883844708567789,0.00047568663131063887,0.001534464067732935,0.0005792744445990986,0.0007226736986803305,0.0013287309780629743,0.0006741420600336963,0.0001913020354403635,0.0008942662793971958,0.0007427427846631984,0.0003510442290273033,0.00019003207628174264,0.0003585723945372023,0.0031327325377438348,0.0003936112650243511,0.0006401251506937963,0.0008167615172105013,0.0011112459752469972,0.0035882526223912524,0.0004844650995889144,0.0007860991926241316,0.0010244157122183996,0.0005320973564942768,0.0006337958877692404,0.001764530809410149,0.000401248656216182,0.0002704380199707498,0.001009386522863299,0.0001186892957659032,0.0005702058697397676,0.0008581619551543511,0.0002599448664368044,0.0011775623963003893,0.0004447318512761383,0.0003449211383035346,0.0006719664058702571,0.00024874586506017045,0.0003084708614140751,0.0003704223090103528,0.0004997613987718356]"
healthcare_staffing,Healthcare staffing,cantelli,60,1.0,26,4033,2077.594763181694,1762.3437910457296,15.17384322114766,0.058910118629543505,0.9446210773961958,1.2131366981174962e-75,"[0.0010016885933641917,0.0018537828406394604,0.0006341883207060205,0.0003346574034005262,0.0006456215107097089,0.00020974854507973227,0.0012463670050749326,0.0011855052786252328,0.0002527750907049594,0.0009955063568648321,0.0006523218948261329,0.00043990310815922843,0.0007537673956188149,0.0019192838594741617,0.0002195186076283415,0.00030231152651069587,0.0012798550349369451,0.0011951319263564402,0.0007075554177065951,0.00029443151532032266,0.0029414868098267015,0.00022596895732578424,0.0019104368437257045,0.00134103408401582,0.0006288330654300215,0.0002786337349492011,0.0004910723111542247,0.0013493959722599084,0.0008291388861679782,0.0012125854111066667,0.0006021484269230185,0.002945505931519019,0.0008452953770461795,0.00013806129305543482,0.0018648277967476127,0.0005284965905288026,0.0007883426182295492,0.0005356109543829626,0.0007830045217412118,0.0007401692653533083,0.0011812869539313063,0.0008199696276926851,0.0004728124765032266,0.0005641060118974011,0.00041686209231927586,0.0004827419881805441,0.0002987540441234296,0.0005352761390005514,0.0015892419925462157,0.00019277041735534466,0.0004027954781758735,0.0010237672276042827,0.0009599437185970536,0.0004530427078721361,0.000503273094710678,0.001226694784893086,0.00038304399893012857,0.0007623736549762302,0.0004460071703515582,0.00018126633785291174]"
healthcare_staffing,Healthcare staffing,cantelli,60,1.0,27,4034,2077.5947631816944,1804.9026262215068,13.125376603403552,0.05634553350155197,0.9531156318395612,2.9198724519561507e-79,"[0.00032644279878718167,0.0009769059522306384,0.000805927877330303,0.0004386186948216432,0.000498356384973546,0.0002931986910215353,0.0007777460502115376,0.0007594176103606766,0.00010652483868993429,0.0006796213665903443,0.0006919609588935484,0.0007655204131733635,0.0002957573005717466,0.001439663320131151,0.0007894991503143005,0.0011863262073333316,0.0007473750517038664,0.0016306236470328378,0.0005531302235063215,0.0008410511463298391,0.00045941022755525843,0.0004765424151832423,0.00039783008246015953,0.0008703891386061788,0.00036986455627321274,0.001976235800074457,0.0007104214700873061,0.0011353728043594729,0.002158530617795679,0.0011613654146199308,9.474011319986458e-05,0.0006485434606679887,0.0008562204239563065,0.0005849556698272547,0.0006305501394595853,0.0012768702890432564,0.00031036035317419733,0.002395947449788598,0.0012338109291251866,0.0006583390671097348,0.0004385306543785973,0.001526288033102665,0.0009969011750475291,0.00045914967550331545,0.0018018294739099209,0.00041993916379644665,0.0028172766750697593,0.0014354034447160917,0.0008116212308747458,0.0006161182071902738,0.00041363287114421697,0.0006585947435089209,0.000369153938796963,0.0004346183983227789,0.0005650650383905724,0.0003541722712897287,0.0006572918286566558,0.0005925040716948235,0.0012780441385127441,0.0003438968595796042]"
healthcare_staffing,Healthcare staffing,cantelli,60,1.0,28,4035,2077.5947631816935,1754.4749125873718,15.552592657650225,0.07182410639300536,0.9435562965011618,1.3443483204067255e-62,"[0.0015516338841999376,0.0017444015668027428,0.0005117026762363699,0.0003432756087922084,0.0011615050973457558,0.0024031899598738506,0.0009003215086227139,0.0006374868521965346,0.00028821237125596503,0.0006123518771079836,0.0001676765761425404,0.0015592550786056802,0.00034455864995883525,0.0008454028119249296,0.0007107702261607059,0.0005224496119390274,0.0004650714458702833,0.00040594664393070327,0.0004400908543072775,0.00045844843671336065,0.0007656131094991475,0.0007991490196014703,0.00031673061110317716,0.00034073478485923265,0.0007240193002527821,0.001219244893532012,0.0005071994244557354,0.0002660690609401277,0.0015248728035796373,0.0008224776640161258,0.0004254070914485366,0.00016042808794843624,0.0009397802794002979,0.0006821133211239253,0.0014984517736155167,0.0035912053196265996,0.00017196561779143427,0.0012791606275649456,0.00021429952345251898,0.0015731453850877002,0.0010415879043654207,0.0002499865865113457,0.00040463556898779826,0.00034336540723546,0.00041850782935220576,0.0003265552218819108,0.0006184948144726383,0.0007044608687910654,0.001834953901467078,0.0012657644824113372,0.0007643957145242759,0.0010729057530997164,0.0008865595788535138,0.0008138140300839892,0.0010977335388718456,0.0002011345319249593,0.00198459663645919,0.0007925735051213318,0.0007456600841728534,0.000536494604195773]"
healthcare_staffing,Healthcare staffing,cantelli,60,1.0,29,4036,2077.5947631816953,1793.5592271787152,13.671363686342707,0.058181796421112854,0.9497294686216835,8.033753876275325e-77,"[0.0006722121761800425,0.0007059707139929768,0.0022850351501631228,0.0005549030406440281,0.0005095774658807014,0.00012297472105782822,0.0005662345734195225,0.0005064987665936643,0.001410339805259063,0.0007573457574082633,0.0016050454314694544,0.0008342912686297918,0.0004522333327836869,0.000696585961204009,0.001130101704150738,0.0005320134145220046,0.0008103497577385799,0.0009408505565717807,0.001251406497588547,0.0006222967646586421,0.0014934346840002359,0.000556155756695712,0.0011673798819532538,0.0010308779221577381,0.0008770410898565767,0.0009634980638056462,0.0003498235721647577,0.00017172764762983622,0.0003984667886816727,0.00035376577756073154,0.0023767779151768914,0.00038928803145304867,0.000511833241475594,0.0016576118517447407,0.0006682717316909783,0.0006351802584535723,0.00031374515900985686,7.274884432891394e-05,0.0009062362103332579,0.00043965283831263937,0.0005497102204401772,0.00037591354882908875,0.0010216401497560145,0.0017272220053607388,0.00010327510405747707,0.0002737282534271172,0.0005796382533838138,0.0006425135150446617,0.0011932274902699586,0.00041048199580645024,0.0013297652198264913,0.00018582575924737572,0.0029090898210512696,0.00030821589381952965,0.0014259981727169251,0.0011446773137253536,0.0010480440239857198,0.001045948529552284,0.0007369295250279879,0.0006883710781942971]"
